group,ticker,name
패키지기판,009150,삼성전기
패키지기판,011070,LG이노텍
패키지기판,007660,이수페타시스
패키지기판,353200,대덕전자
패키지기판,222800,심텍
패키지기판,007810,코리아써키트
패키지기판,195870,해성디에스
패키지기판,356860,티엘비
패키지기판,090460,비에이치
패키지기판,051370,인터플렉스
CCL소재,000150,두산
CCL소재,011790,SKC
CCL소재,336370,솔루스첨단소재
CCL소재,007690,국도화학
CCL소재,213420,신아티앤씨
CCL소재,033160,엠케이전자
CCL소재,077360,덕산하이메탈
후공정OSAT,067310,하나마이크론
후공정OSAT,036540,SFA반도체
후공정OSAT,033640,네패스
후공정OSAT,330860,네패스아크
후공정OSAT,061970,엘비세미콘
후공정OSAT,033170,시그네틱스
후공정OSAT,097800,윈팩
후공정OSAT,200470,에이팩트
후공정장비,042700,한미반도체
후공정장비,039030,이오테크닉스
후공정장비,053610,프로텍
후공정장비,217190,제너셈
후공정장비,168360,펨트론
후공정장비,098460,고영
후공정장비,064290,인텍플러스
후공정장비,420770,기가비스
후공정장비,253590,네오셈
테스트,058470,리노공업
테스트,095340,ISC
테스트,131290,티에스이
테스트,131970,두산테스나
테스트,405100,큐알티
테스트,425420,티에프이
