date,ticker,name,universe,setup,entry,stop,target,status,fill_date,fill,exit_date,exit,ret,r_mult
20260917,033780,KT&G,KOSPI200,관찰,179179.00,173639.71,190257.57,미발동,,,,,,
20260917,055550,신한지주,KOSPI200,관찰,116616.50,110959.36,127930.79,미발동,,,,,,
20260917,105560,KB금융,KOSPI200,관찰,181881.70,173042.41,199560.27,미발동,,,,,,
20260918,033780,KT&G,KOSPI200,관찰,179179.00,173768.29,190000.43,미발동,,,,,,
20260918,069500,KODEX 200,ETF,관찰,114374.26,109054.08,125014.62,미발동,,,,,,
20260918,102110,TIGER 200,ETF,관찰,114649.53,109451.82,125044.96,미발동,,,,,,
20260918,105560,KB금융,KOSPI200,관찰,181881.70,172924.56,199795.99,미발동,,,,,,
20260918,148020,RISE 200,ETF,관찰,115230.11,110040.11,125610.11,미발동,,,,,,
20260918,390390,KODEX 미국반도체,ETF,관찰,53843.79,52452.54,56626.29,미발동,,,,,,
20260918,472150,TIGER 배당커버드콜액티브,ETF,관찰,21266.24,20365.17,23068.39,미발동,,,,,,
20260921,000660,SK하이닉스,KOSPI200,관찰,1891890.00,1762354.29,2150961.43,미발동,,,,,,
20260921,005930,삼성전자,KOSPI200,관찰,279279.00,264546.86,308743.29,미발동,,,,,,
20260921,007340,DN오토모티브,KOSPI200,관찰,50550.50,47245.14,57161.21,미발동,,,,,,
20260921,033780,KT&G,KOSPI200,관찰,179179.00,173907.57,189721.86,미발동,,,,,,
20260921,055550,신한지주,KOSPI200,관찰,116616.50,110755.79,128337.93,미발동,,,,,,
20260921,069500,KODEX 200,ETF,관찰,114374.26,108997.83,125127.12,미발동,,,,,,
20260921,086790,하나금융지주,KOSPI200,관찰,142142.00,134781.29,156863.43,미발동,,,,,,
20260921,096530,씨젠,KOSDAQ150,관찰,35785.75,34071.46,39214.32,미발동,,,,,,
20260921,102110,TIGER 200,ETF,관찰,114649.53,109398.25,125152.11,미발동,,,,,,
20260921,105190,ACE 200,ETF,관찰,114614.50,109432.54,124978.43,미발동,,,,,,
20260921,105560,KB금융,KOSPI200,관찰,181881.70,172967.41,199710.27,미발동,,,,,,
20260921,139260,TIGER 200 IT,ETF,관찰,145445.30,136715.30,162905.30,미발동,,,,,,
20260921,148020,RISE 200,ETF,관찰,115230.11,109997.26,125695.83,미발동,,,,,,
20260921,395160,KODEX AI반도체TOP2플러스,ETF,관찰,42572.53,39944.85,47827.89,미발동,,,,,,
20260921,395270,HANARO Fn K-반도체,ETF,관찰,60525.46,56790.14,67996.11,미발동,,,,,,
20260921,442580,PLUS 글로벌HBM반도체,ETF,관찰,106706.60,101186.60,117746.60,미발동,,,,,,
20260921,472150,TIGER 배당커버드콜액티브,ETF,관찰,21266.24,20359.82,23079.10,미발동,,,,,,
20260922,005930,삼성전자,KOSPI200,관찰,279279.00,264493.29,308850.43,미발동,,,,,,
20260922,007340,DN오토모티브,KOSPI200,관찰,50650.60,47313.10,57325.60,미발동,,,,,,
20260922,033780,KT&G,KOSPI200,관찰,179179.00,173404.00,190729.00,미발동,,,,,,
20260922,055550,신한지주,KOSPI200,관찰,116616.50,110948.64,127952.21,미발동,,,,,,
20260922,066570,LG전자,KOSPI200,관찰,225725.50,212268.36,252639.79,미발동,,,,,,
20260922,086790,하나금융지주,KOSPI200,관찰,142142.00,134984.86,156456.29,미발동,,,,,,
20260922,096530,씨젠,KOSDAQ150,관찰,35785.75,34143.79,39069.68,진행중,20261001,37050.00,,,,
20260922,105560,KB금융,KOSPI200,관찰,181881.70,173235.27,199174.56,미발동,,,,,,
20260922,139260,TIGER 200 IT,ETF,관찰,145445.30,136752.26,162831.37,미발동,,,,,,
20260922,390390,KODEX 미국반도체,ETF,관찰,54759.70,53208.28,57862.56,미발동,,,,,,
20260922,395160,KODEX AI반도체TOP2플러스,ETF,관찰,42572.53,39947.53,47822.53,미발동,,,,,,
20260922,395270,HANARO Fn K-반도체,ETF,관찰,60525.46,56799.79,67976.82,미발동,,,,,,
20260922,426030,TIME 미국나스닥100액티브,ETF,관찰,48138.09,46318.27,51777.73,미발동,,,,,,
20260922,442580,PLUS 글로벌HBM반도체,ETF,관찰,106706.60,101165.71,117788.39,미발동,,,,,,
20260922,455850,SOL AI반도체소부장,ETF,관찰,27412.38,25619.35,30998.46,목표,20260929,28415.00,20261002,31165.00,9.68,0.98
20260922,472150,TIGER 배당커버드콜액티브,ETF,관찰,21266.24,20379.10,23040.53,미발동,,,,,,
20260922,316140,우리금융지주,KOSPI200,눌림,35850.00,33932.14,39685.71,손절,20260922,35850.00,20261001,33450.00,-6.69,-1.25
20260922,003490,대한항공,KOSPI200,돌파,31350.00,29678.57,34692.86,시간청산,20260922,31350.00,20261001,31050.00,-0.96,-0.18
20260922,014680,한솔케미칼,KOSPI200,돌파,224000.00,210703.57,250592.86,목표,20260922,224000.00,20260930,251000.00,12.05,2.03
20260922,058470,리노공업,KOSDAQ150,돌파,75600.00,70896.43,85007.14,손절,20260922,75600.00,20260928,70896.43,-6.22,-1.00
20260923,000660,SK하이닉스,KOSPI200,관찰,1936935.00,1805256.43,2200292.14,미발동,,,,,,
20260923,003490,대한항공,KOSPI200,관찰,31681.65,30031.65,34981.65,미발동,,,,,,
20260923,009150,삼성전기,KOSPI200,관찰,1549548.00,1441119.43,1766405.14,미발동,,,,,,
20260923,033780,KT&G,KOSPI200,관찰,179179.00,173511.14,190514.71,미발동,,,,,,
20260923,034730,SK,KOSPI200,관찰,628628.00,587270.86,711342.29,미발동,,,,,,
20260923,105560,KB금융,KOSPI200,관찰,181881.70,173985.27,197674.56,미발동,,,,,,
20260923,133690,TIGER 미국나스닥100,ETF,관찰,186266.08,183205.12,192388.01,미발동,,,,,,
20260923,139260,TIGER 200 IT,ETF,관찰,147337.19,139025.05,163961.48,미발동,,,,,,
20260923,379810,KODEX 미국나스닥100,ETF,관찰,27857.83,27395.51,28782.47,미발동,,,,,,
20260923,381180,TIGER 미국필라델피아반도체나스닥,ETF,관찰,44924.88,43517.56,47739.52,미발동,,,,,,
20260923,390390,KODEX 미국반도체,ETF,관찰,56551.49,54931.49,59791.49,미발동,,,,,,
20260923,395160,KODEX AI반도체TOP2플러스,ETF,관찰,43473.43,40929.32,48561.64,미발동,,,,,,
20260923,395270,HANARO Fn K-반도체,ETF,관찰,61801.74,58231.20,68942.81,미발동,,,,,,
20260923,426030,TIME 미국나스닥100액티브,ETF,관찰,49249.20,47391.88,52963.84,미발동,,,,,,
20260923,442580,PLUS 글로벌HBM반도체,ETF,관찰,109179.07,103707.28,120122.64,미발동,,,,,,
20260923,472150,TIGER 배당커버드콜액티브,ETF,관찰,21506.48,20655.77,23207.91,미발동,,,,,,
20260923,498400,KODEX 200타겟위클리커버드콜,ETF,관찰,21254.23,20426.66,22909.38,미발동,,,,,,
20260923,316140,우리금융지주,KOSPI200,눌림,35500.00,33651.79,39196.43,손절,20260923,35500.00,20261001,33450.00,-5.77,-1.11
20260928,003490,대한항공,KOSPI200,관찰,32132.10,30530.31,35335.67,미발동,,,,,,
20260928,007340,DN오토모티브,KOSPI200,관찰,50650.60,47125.60,57700.60,미발동,,,,,,
20260928,011200,HMM,KOSPI200,관찰,22172.15,21325.72,23865.01,미발동,,,,,,
20260928,033780,KT&G,KOSPI200,관찰,179179.00,173511.14,190514.71,미발동,,,,,,
20260928,055550,신한지주,KOSPI200,관찰,116616.50,111227.21,127395.07,미발동,,,,,,
20260928,066570,LG전자,KOSPI200,관찰,225725.50,212075.50,253025.50,미발동,,,,,,
20260928,096530,씨젠,KOSDAQ150,관찰,35785.75,34218.79,38919.68,진행중,20261001,37050.00,,,,
20260928,105560,KB금융,KOSPI200,관찰,181881.70,174253.13,197138.84,미발동,,,,,,
20260928,133690,TIGER 미국나스닥100,ETF,관찰,186266.08,183181.76,192434.72,미발동,,,,,,
20260928,138040,메리츠금융지주,KOSPI200,관찰,139239.10,131149.81,155417.67,미발동,,,,,,
20260928,139130,iM금융지주,KOSPI200,관찰,19519.50,18643.07,21272.36,미발동,,,,,,
20260928,139260,TIGER 200 IT,ETF,관찰,147337.19,138970.94,164069.69,미발동,,,,,,
20260928,379810,KODEX 미국나스닥100,ETF,관찰,27857.83,27391.22,28791.04,미발동,,,,,,
20260928,381180,TIGER 미국필라델피아반도체나스닥,ETF,관찰,44924.88,43461.31,47852.02,미발동,,,,,,
20260928,390390,KODEX 미국반도체,ETF,관찰,56551.49,54874.17,59906.14,미발동,,,,,,
20260928,395270,HANARO Fn K-반도체,ETF,관찰,61801.74,58213.53,68978.17,미발동,,,,,,
20260928,426030,TIME 미국나스닥100액티브,ETF,관찰,49249.20,47396.16,52955.27,미발동,,,,,,
20260928,442580,PLUS 글로벌HBM반도체,ETF,관찰,109409.30,103807.34,120613.23,미발동,,,,,,
20260928,455850,SOL AI반도체소부장,ETF,관찰,27527.50,25813.21,30956.07,목표,20260929,28415.00,20261002,31165.00,9.68,1.06
20260928,472150,TIGER 배당커버드콜액티브,ETF,관찰,21506.48,20637.56,23244.34,미발동,,,,,,
20260928,316140,우리금융지주,KOSPI200,눌림,36200.00,34475.00,39650.00,손절,20260928,36200.00,20261001,33450.00,-7.60,-1.59
20260929,005930,삼성전자,KOSPI200,관찰,286786.50,271840.07,316679.36,대기,,,,,,
20260929,033780,KT&G,KOSPI200,관찰,179179.00,173554.00,190429.00,대기,,,,,,
20260929,066570,LG전자,KOSPI200,관찰,225725.50,214004.07,249168.36,대기,,,,,,
20260929,105560,KB금융,KOSPI200,관찰,181881.70,174349.56,196945.99,대기,,,,,,
20260929,133690,TIGER 미국나스닥100,ETF,관찰,186266.08,183204.26,192389.72,대기,,,,,,
20260929,138040,메리츠금융지주,KOSPI200,관찰,139239.10,131396.24,154924.81,대기,,,,,,
20260929,139130,iM금융지주,KOSPI200,관찰,19519.50,18652.71,21253.07,대기,,,,,,
20260929,139260,TIGER 200 IT,ETF,관찰,147337.19,139471.83,163067.90,대기,,,,,,
20260929,140860,파크시스템스,KOSDAQ150,관찰,274274.00,256327.57,310166.86,대기,,,,,,
20260929,379810,KODEX 미국나스닥100,ETF,관찰,27857.83,27393.90,28785.69,대기,,,,,,
20260929,381180,TIGER 미국필라델피아반도체나스닥,ETF,관찰,44999.95,43570.67,47858.53,대기,,,,,,
20260929,390390,KODEX 미국반도체,ETF,관찰,56551.49,54882.74,59888.99,대기,,,,,,
20260929,395160,KODEX AI반도체TOP2플러스,ETF,관찰,43473.43,41048.79,48322.72,대기,,,,,,
20260929,395270,HANARO Fn K-반도체,ETF,관찰,61801.74,58427.81,68549.60,대기,,,,,,
20260929,426030,TIME 미국나스닥100액티브,ETF,관찰,49249.20,47350.09,53047.41,대기,,,,,,
20260929,442580,PLUS 글로벌HBM반도체,ETF,관찰,109409.30,104210.19,119807.51,대기,,,,,,
20260929,316140,우리금융지주,KOSPI200,눌림,36250.00,34562.50,39625.00,손절,20260929,36250.00,20260930,34562.50,-4.66,-1.00
20260929,014680,한솔케미칼,KOSPI200,돌파,247500.00,232328.57,277842.86,목표,20260929,247500.00,20261001,277842.86,12.26,2.00
20260929,455850,SOL AI반도체소부장,ETF,돌파,28415.00,26672.32,31900.36,목표,20260929,28415.00,20261006,31900.36,12.27,2.00
20260929,471990,KODEX AI반도체핵심장비,ETF,돌파,28110.00,26318.89,31692.21,목표,20260929,28110.00,20261006,31692.21,12.74,2.00
20260930,003490,대한항공,KOSPI200,관찰,32132.10,30541.03,35314.24,대기,,,,,,
20260930,009150,삼성전기,KOSPI200,관찰,1588587.00,1477587.00,1810587.00,대기,,,,,,
20260930,033780,KT&G,KOSPI200,관찰,179179.00,173436.14,190664.71,대기,,,,,,
20260930,096530,씨젠,KOSDAQ150,관찰,35635.60,33881.14,39144.53,진행중,20261001,37050.00,,,,
20260930,139260,TIGER 200 IT,ETF,관찰,147337.19,139803.44,162404.69,대기,,,,,,
20260930,379810,KODEX 미국나스닥100,ETF,관찰,27857.83,27399.79,28773.90,대기,,,,,,
20260930,381180,TIGER 미국필라델피아반도체나스닥,ETF,관찰,44999.95,43566.92,47866.03,대기,,,,,,
20260930,390390,KODEX 미국반도체,ETF,관찰,56551.49,54891.32,59871.85,대기,,,,,,
20260930,395160,KODEX AI반도체TOP2플러스,ETF,관찰,43473.43,41140.39,48139.50,대기,,,,,,
20260930,395270,HANARO Fn K-반도체,ETF,관찰,61801.74,58559.06,68287.10,대기,,,,,,
20260930,426030,TIME 미국나스닥100액티브,ETF,관찰,49249.20,47353.84,53039.91,대기,,,,,,
20260930,442580,PLUS 글로벌HBM반도체,ETF,관찰,109409.30,104339.30,119549.30,대기,,,,,,
20260930,455850,SOL AI반도체소부장,ETF,돌파,28935.00,27223.93,32357.14,진행중,20260930,28935.00,,,,
20260930,457190,이수스페셜티케미컬,KOSPI200,돌파,78000.00,72621.43,88757.14,진행중,20260930,78000.00,,,,
20260930,475300,SOL 반도체전공정,ETF,돌파,26200.00,24371.39,29857.21,진행중,20260930,26200.00,,,,
20261001,005930,삼성전자,KOSPI200,관찰,286786.50,271572.21,317215.07,대기,,,,,,
20261001,033780,KT&G,KOSPI200,관찰,179879.70,173997.56,191643.99,대기,,,,,,
20261001,139260,TIGER 200 IT,ETF,관찰,147337.19,139669.51,162672.55,대기,,,,,,
20261001,395160,KODEX AI반도체TOP2플러스,ETF,관찰,43473.43,41060.04,48300.22,대기,,,,,,
20261001,395270,HANARO Fn K-반도체,ETF,관찰,61801.74,58474.42,68456.38,대기,,,,,,
20261001,426030,TIME 미국나스닥100액티브,ETF,관찰,49249.20,47314.74,53118.13,대기,,,,,,
20261001,003490,대한항공,KOSPI200,눌림,31050.00,29400.00,34350.00,진행중,20261001,31050.00,,,,
20261001,014680,한솔케미칼,KOSPI200,돌파,277000.00,258507.14,313985.71,진행중,20261001,277000.00,,,,
20261001,036570,NC,KOSPI200,돌파,230500.00,216132.14,259235.71,진행중,20261001,230500.00,,,,
20261001,140860,파크시스템스,KOSDAQ150,돌파,296500.00,277267.86,334964.29,진행중,20261001,296500.00,,,,
20261002,000660,SK하이닉스,KOSPI200,관찰,1936935.00,1824220.71,2162363.57,대기,,,,,,
20261002,005930,삼성전자,KOSPI200,관찰,286786.50,271732.93,316893.64,대기,,,,,,
20261002,011200,HMM,KOSPI200,관찰,21921.90,21096.90,23571.90,대기,,,,,,
20261002,028670,팬오션,KOSPI200,관찰,6306.30,5879.87,7159.16,대기,,,,,,
20261002,033780,KT&G,KOSPI200,관찰,179879.70,174093.99,191451.13,대기,,,,,,
20261002,066570,LG전자,KOSPI200,관찰,225725.50,213736.21,249704.07,대기,,,,,,
20261002,091160,KODEX 반도체,ETF,관찰,150074.92,142449.03,165326.71,대기,,,,,,
20261002,096530,씨젠,KOSDAQ150,관찰,37337.30,35491.76,41028.37,대기,,,,,,
20261002,139130,iM금융지주,KOSPI200,관찰,19519.50,18643.07,21272.36,대기,,,,,,
20261002,139260,TIGER 200 IT,ETF,관찰,147337.19,139930.40,162150.76,대기,,,,,,
20261002,140860,파크시스템스,KOSDAQ150,관찰,299799.50,280138.79,339120.93,대기,,,,,,
20261002,381180,TIGER 미국필라델피아반도체나스닥,ETF,관찰,46000.95,44427.03,49148.81,대기,,,,,,
20261002,390390,KODEX 미국반도체,ETF,관찰,57742.68,55895.01,61438.04,대기,,,,,,
20261002,395160,KODEX AI반도체TOP2플러스,ETF,관찰,43473.43,41148.43,48123.43,대기,,,,,,
20261002,395270,HANARO Fn K-반도체,ETF,관찰,61801.74,58598.17,68208.88,대기,,,,,,
20261002,426030,TIME 미국나스닥100액티브,ETF,관찰,49249.20,47337.77,53072.06,대기,,,,,,
20261002,442580,PLUS 글로벌HBM반도체,ETF,관찰,109789.68,104682.18,120004.68,대기,,,,,,
20261002,455850,SOL AI반도체소부장,ETF,관찰,30950.92,29204.49,34443.78,진행중,20261006,31940.00,,,,
20261002,471990,KODEX AI반도체핵심장비,ETF,관찰,30560.53,28791.07,34099.46,대기,,,,,,
20261002,475300,SOL 반도체전공정,ETF,관찰,28208.18,26364.57,31895.39,진행중,20261006,28405.00,,,,
20261002,475310,SOL 반도체후공정,ETF,관찰,33228.19,31370.87,36942.84,진행중,20261006,34190.00,,,,
20261002,003490,대한항공,KOSPI200,눌림,30850.00,29189.29,34171.43,진행중,20261002,30850.00,,,,
20261002,018880,한온시스템,KOSPI200,돌파,3840.00,3589.07,4341.86,진행중,20261002,3840.00,,,,
20261002,036570,NC,KOSPI200,돌파,244500.00,229167.86,275164.29,손절,20261002,244500.00,20261006,229167.86,-6.27,-1.00
20261002,058470,리노공업,KOSDAQ150,돌파,85100.00,79228.57,96842.86,진행중,20261002,85100.00,,,,
20261002,450080,에코프로머티,KOSPI200,돌파,38200.00,35607.14,43385.71,진행중,20261002,38200.00,,,,
20261002,457190,이수스페셜티케미컬,KOSPI200,돌파,81900.00,76264.29,93171.43,진행중,20261002,81900.00,,,,
20261006,006400,삼성SDI,KOSPI200,관찰,574574.00,543395.43,636931.14,대기,,,,,,
20261006,033780,KT&G,KOSPI200,관찰,179879.70,174083.27,191472.56,대기,,,,,,
20261006,091160,KODEX 반도체,ETF,관찰,152462.31,145436.42,166514.10,대기,,,,,,
20261006,096530,씨젠,KOSDAQ150,관찰,37687.65,35826.04,41410.86,대기,,,,,,
20261006,139130,iM금융지주,KOSPI200,관찰,19519.50,18680.57,21197.36,대기,,,,,,
20261006,140860,파크시스템스,KOSDAQ150,관찰,307307.00,287057.00,347807.00,대기,,,,,,
20261006,395160,KODEX AI반도체TOP2플러스,ETF,관찰,43473.43,41232.54,47955.22,대기,,,,,,
20261006,395270,HANARO Fn K-반도체,ETF,관찰,62006.94,58924.44,68171.94,대기,,,,,,
20261006,426030,TIME 미국나스닥100액티브,ETF,관찰,49249.20,47411.70,52924.20,대기,,,,,,
20261006,442580,PLUS 글로벌HBM반도체,ETF,관찰,110885.77,105973.27,120710.77,대기,,,,,,
20261006,475300,SOL 반도체전공정,ETF,관찰,28543.51,26677.41,32275.73,대기,,,,,,
20261006,003490,대한항공,KOSPI200,눌림,30725.00,29048.21,34078.57,진행중,20261006,30725.00,,,,
20261006,018880,한온시스템,KOSPI200,돌파,3910.00,3642.46,4445.07,진행중,20261006,3910.00,,,,
20261006,455850,SOL AI반도체소부장,ETF,돌파,31940.00,30168.93,35482.14,진행중,20261006,31940.00,,,,
20261006,457190,이수스페셜티케미컬,KOSPI200,돌파,84000.00,78225.00,95550.00,진행중,20261006,84000.00,,,,
20261006,471990,KODEX AI반도체핵심장비,ETF,돌파,32095.00,30247.32,35790.36,진행중,20261006,32095.00,,,,
20261006,475310,SOL 반도체후공정,ETF,돌파,34190.00,32328.93,37912.14,진행중,20261006,34190.00,,,,
