ticker,name,universe,close,chg,pivot,ext,vol_ratio,close_pos,value20_eok,from_high,trend_n,trend_fail,setup,note,entry,stop,target,rr,stop_pct,target_pct,atr_pct,rs_pct,flow_score,flow_txt,score,qty,amount
316140,우리금융지주,KOSPI200,35500.00,-0.98,37050.00,-4.18,0.54,0.29,1129.88,-14.46,6,,눌림,"09/14 돌파 후 피벗 눌림, 거래량 0.5배",35500.00,33651.79,39196.43,2.00,-5.21,10.41,3.47,67.22,100.00,5일 +45억 (외 -306 / 기 +350),87.30,27,958500.00
003490,대한항공,KOSPI200,31500.00,-0.47,31650.00,-0.47,1.54,0.40,867.78,-1.87,6,,관찰,"피벗 31,650까지 0.5%",31681.65,30031.65,34981.65,2.00,-5.21,10.42,3.49,68.85,100.00,"5일 +1,317억 (외 +661 / 기 +656)",81.80,30,950449.50
034730,SK,KOSPI200,607000.00,3.23,628000.00,-3.34,0.74,0.59,742.25,-31.26,5,52주고가 75%↑,관찰,"피벗 628,000까지 3.3%",628628.00,587270.86,711342.29,2.00,-6.58,13.16,4.54,89.63,100.00,5일 +326억 (외 -233 / 기 +559),80.10,1,628628.00
222800,심텍,KOSDAQ150,149400.00,0.34,156600.00,-4.60,0.73,0.59,1007.74,-9.01,6,,,"관찰 조건 충족, 변동성 과대(ATR 6.2%)로 제외",156756.60,,178702.52,,,,6.21,96.15,50.00,-,77.30,0,0.00
131290,티에스이,KOSDAQ150,289000.00,2.85,318500.00,-9.26,0.51,0.81,397.25,-9.26,6,,,"눌림 조건 충족, 변동성 과대(ATR 8.5%)로 제외",289000.00,,329460.00,,,,8.48,97.78,50.00,-,76.80,0,0.00
005930,삼성전자,KOSPI200,286500.00,3.24,283500.00,1.06,0.80,1.00,43819.48,-23.50,6,,,,286500.00,,315428.57,,,,3.37,93.30,50.00,-,76.70,0,0.00
010950,S-Oil,KOSPI200,156500.00,2.15,170800.00,-8.37,0.89,0.45,680.79,-11.63,6,,,,156500.00,,178410.00,,,,6.04,90.44,50.00,-,76.10,0,0.00
161890,한국콜마,KOSPI200,146700.00,0.48,165900.00,-11.57,0.72,0.59,463.28,-11.57,6,,,,146700.00,,167238.00,,,,4.97,92.48,50.00,-,76.00,0,0.00
093370,후성,KOSPI200,13940.00,2.65,15410.00,-9.54,2.17,0.15,487.35,-40.81,5,52주고가 75%↑,,,13940.00,,15891.60,,,,7.41,85.96,50.00,-,75.90,0,0.00
031980,피에스케이홀딩스,KOSDAQ150,163200.00,3.16,174000.00,-6.21,0.48,0.92,277.06,-6.21,6,,,,163200.00,,186048.00,,,,9.23,95.33,50.00,-,75.80,0,0.00
009150,삼성전기,KOSPI200,1501000.00,0.81,1548000.00,-3.04,0.64,0.40,8484.11,-37.90,5,52주고가 75%↑,관찰,"피벗 1,548,000까지 3.0%",1549548.00,1441119.43,1766405.14,2.00,-7.00,13.99,4.82,98.19,65.00,"5일 +5,407억 (외 +946 / 기 +4,460)",75.60,0,0.00
078930,GS,KOSPI200,110600.00,0.91,133200.00,-16.97,0.66,0.40,509.65,-16.97,6,,,,110600.00,,126084.00,,,,5.55,92.07,50.00,-,75.50,0,0.00
036540,SFA반도체,KOSDAQ150,10570.00,-0.56,11160.00,-5.29,1.55,0.48,562.75,-9.19,5,50>150일선,,,10570.00,,12049.80,,,,7.48,93.70,50.00,-,75.50,0,0.00
319660,피에스케이,KOSDAQ150,144200.00,9.33,140900.00,2.34,1.32,0.95,408.49,-34.31,5,52주고가 75%↑,,,144200.00,,164388.00,,,,6.81,96.56,50.00,-,75.40,0,0.00
241710,코스메카코리아,KOSDAQ150,127100.00,-0.31,155500.00,-18.26,0.43,0.72,151.31,-18.26,6,,,,127100.00,,144894.00,,,,6.41,91.67,50.00,-,74.20,0,0.00
402340,SK스퀘어,KOSPI200,1181000.00,4.14,1199000.00,-1.50,0.94,0.57,5283.80,-46.05,5,52주고가 75%↑,,"관찰 조건 충족, 변동성 과대(ATR 5.3%)로 제외",1200199.00,,1368226.86,,,,5.30,97.37,50.00,-,73.80,0,0.00
472150,TIGER 배당커버드콜액티브,ETF,21290.00,1.36,21485.00,-0.91,0.91,0.65,765.39,-24.29,6,,관찰,"피벗 21,485까지 0.9%",21506.48,20655.77,23207.91,2.00,-3.96,7.91,2.66,81.89,50.00,ETF 수급 미반영,73.20,58,1247376.13
095610,테스,KOSDAQ150,161900.00,8.95,166300.00,-2.65,0.78,1.00,564.18,-31.54,5,52주고가 75%↑,,"관찰 조건 충족, 변동성 과대(ATR 7.2%)로 제외",166466.30,,189771.58,,,,7.18,96.96,50.00,-,72.80,0,0.00
036930,주성엔지니어링,KOSDAQ150,209500.00,2.95,239500.00,-12.53,0.60,0.94,2487.49,-25.97,5,52주고가 75%↑,,"눌림 조건 충족, 변동성 과대(ATR 7.9%)로 제외",209500.00,,238830.00,,,,7.88,98.59,50.00,-,72.50,0,0.00
192820,코스맥스,KOSPI200,270500.00,0.00,306500.00,-11.75,0.52,0.70,355.57,-11.75,6,,,,270500.00,,308370.00,,,,5.35,85.15,50.00,-,72.40,0,0.00
096770,SK이노베이션,KOSPI200,148700.00,5.24,164700.00,-9.71,0.95,0.73,1613.55,-9.71,6,,,,148700.00,,169518.00,,,,6.29,78.63,50.00,-,72.30,0,0.00
001450,현대해상,KOSPI200,47350.00,-0.21,54700.00,-13.44,0.57,0.35,237.03,-13.44,6,,,,47350.00,,53264.29,,,,4.16,83.52,50.00,-,72.10,0,0.00
240810,원익IPS,KOSDAQ150,132400.00,1.46,134900.00,-1.85,2.22,0.11,1129.05,-29.50,4,"50>150일선, 52주고가 75%↑",,,132400.00,,150936.00,,,,6.65,87.59,50.00,-,71.80,0,0.00
420770,기가비스,KOSDAQ150,123100.00,3.53,122200.00,0.74,0.72,0.78,159.69,-40.24,5,52주고가 75%↑,,,123100.00,,140334.00,,,,6.65,94.11,50.00,-,71.50,0,0.00
080220,제주반도체,KOSDAQ150,78000.00,2.23,82600.00,-5.57,0.54,0.64,823.19,-43.48,5,52주고가 75%↑,,,78000.00,,88920.00,,,,5.29,94.52,50.00,-,70.80,0,0.00
047040,대우건설,KOSPI200,17700.00,-6.40,21950.00,-19.36,1.51,0.27,1644.89,-56.13,4,"50>150일선, 52주고가 75%↑",,,17700.00,,20178.00,,,,7.67,94.93,50.00,-,70.80,0,0.00
395160,KODEX AI반도체TOP2플러스,ETF,43035.00,2.72,43430.00,-0.91,0.71,0.65,1338.57,-32.89,5,52주고가 75%↑,관찰,"피벗 43,430까지 0.9%",43473.43,40929.32,48561.64,2.00,-5.85,11.70,3.94,92.07,50.00,ETF 수급 미반영,70.80,19,825995.17
089970,브이엠,KOSDAQ150,62800.00,9.79,61700.00,1.78,1.63,0.82,343.48,-48.57,4,"종가>50일선, 52주고가 75%↑",,,62800.00,,71592.00,,,,5.72,92.89,50.00,-,70.70,0,0.00
395270,HANARO Fn K-반도체,ETF,61290.00,2.24,61740.00,-0.73,0.56,0.71,616.40,-31.79,5,52주고가 75%↑,관찰,"피벗 61,740까지 0.7%",61801.74,58231.20,68942.81,2.00,-5.78,11.55,3.88,93.70,50.00,ETF 수급 미반영,70.60,14,865224.36
105560,KB금융,KOSPI200,174100.00,-1.19,181700.00,-4.18,0.59,0.39,1996.57,-10.49,6,,관찰,"피벗 181,700까지 4.2%",181881.70,173985.27,197674.56,2.00,-4.34,8.68,3.02,69.67,65.00,5일 +81억 (외 -729 / 기 +810),70.30,6,1091290.20
067310,하나마이크론,KOSDAQ150,46200.00,0.54,47850.00,-3.45,0.96,0.64,705.31,-21.03,5,50>150일선,,"눌림 조건 충족, 변동성 과대(ATR 5.5%)로 제외",46200.00,,52668.00,,,,5.48,87.19,50.00,-,70.30,0,0.00
086790,하나금융지주,KOSPI200,133700.00,-1.55,142000.00,-5.85,0.78,0.35,1024.78,-6.18,6,,,,133700.00,,147435.71,,,,3.42,74.96,50.00,-,70.20,0,0.00
088350,한화생명,KOSPI200,5680.00,1.25,6550.00,-13.28,0.49,1.00,296.50,-24.87,6,,,,5680.00,,6475.20,,,,4.74,79.44,50.00,-,70.20,0,0.00
043260,성호전자,KOSDAQ150,26750.00,-1.11,28700.00,-6.79,1.10,0.74,848.20,-55.12,4,"50>150일선, 52주고가 75%↑",,,26750.00,,30495.00,,,,8.37,99.00,50.00,-,70.10,0,0.00
055550,신한지주,KOSPI200,110100.00,-2.39,116500.00,-5.49,0.79,0.24,1235.88,-5.49,6,,,,110100.00,,121178.57,,,,3.35,74.56,50.00,-,70.10,0,0.00
381180,TIGER 미국필라델피아반도체나스닥,ETF,44795.00,2.58,44880.00,-0.19,0.49,1.00,632.04,-23.93,6,,관찰,"피벗 44,880까지 0.2%",44924.88,43517.56,47739.52,2.00,-3.13,6.27,2.09,78.22,50.00,ETF 수급 미반영,69.80,35,1572370.80
096530,씨젠,KOSDAQ150,33850.00,-1.02,35750.00,-5.31,0.52,0.12,105.64,-5.31,6,,,,33850.00,,36962.50,,,,3.06,77.81,50.00,-,69.80,0,0.00
442580,PLUS 글로벌HBM반도체,ETF,108870.00,3.24,109070.00,-0.18,0.39,0.76,466.59,-29.01,5,52주고가 75%↑,관찰,"피벗 109,070까지 0.2%",109179.07,103707.28,120122.64,2.00,-5.01,10.02,3.35,93.70,50.00,ETF 수급 미반영,69.80,9,982611.63
028050,삼성E&A,KOSPI200,49600.00,-3.31,55200.00,-10.14,1.18,0.33,874.33,-26.30,5,52주고가 75%↑,,,49600.00,,56544.00,,,,4.87,82.30,50.00,-,69.70,0,0.00
295310,에이치브이엠,KOSDAQ150,64100.00,9.95,61900.00,3.55,2.26,0.98,76.79,-55.49,4,"50>150일선, 52주고가 75%↑",,"돌파 조건 충족, 변동성 과대(ATR 6.3%)로 제외",64100.00,,73074.00,,,,6.35,81.07,50.00,-,69.70,0,0.00
139260,TIGER 200 IT,ETF,145130.00,1.76,147190.00,-1.40,0.40,0.54,330.60,-32.21,5,52주고가 75%↑,관찰,"피벗 147,190까지 1.4%",147337.19,139025.05,163961.48,2.00,-5.64,11.28,3.82,93.30,50.00,ETF 수급 미반영,69.60,6,884023.14
066570,LG전자,KOSPI200,210500.00,-2.09,225500.00,-6.65,0.52,0.39,1444.40,-51.94,5,52주고가 75%↑,,,210500.00,,237221.43,,,,4.23,90.85,50.00,-,69.40,0,0.00
375500,DL이앤씨,KOSPI200,81100.00,-4.48,90600.00,-10.49,1.01,0.22,369.94,-23.92,5,50>150일선,,,81100.00,,92454.00,,,,5.75,83.93,50.00,-,69.40,0,0.00
084370,유진테크,KOSDAQ150,161800.00,7.72,156300.00,3.52,1.52,0.82,207.63,-30.11,4,"50>150일선, 52주고가 75%↑",,"돌파 조건 충족, 변동성 과대(ATR 6.4%)로 제외",161800.00,,184452.00,,,,6.44,90.04,50.00,-,69.10,0,0.00
005830,DB손해보험,KOSPI200,184000.00,-0.59,208000.00,-11.54,0.72,0.43,458.33,-14.02,6,,,,184000.00,,205900.00,,,,3.97,72.52,50.00,-,69.00,0,0.00
390390,KODEX 미국반도체,ETF,56000.00,2.45,56495.00,-0.88,0.41,1.00,342.39,-20.06,6,,관찰,"피벗 56,495까지 0.9%",56551.49,54931.49,59791.49,2.00,-2.86,5.73,1.93,77.00,50.00,ETF 수급 미반영,69.00,30,1696544.85
102110,TIGER 200,ETF,113360.00,1.05,114930.00,-1.37,1.76,0.46,13640.44,-25.59,4,"50>150일선, 52주고가 75%↑",,,113360.00,,123204.71,,,,2.89,83.52,50.00,ETF 수급 미반영,68.00,0,0.00
064760,티씨케이,KOSDAQ150,283000.00,3.47,288500.00,-1.91,0.62,0.70,171.35,-18.79,5,50>150일선,,"관찰 조건 충족, 변동성 과대(ATR 6.7%)로 제외",288788.50,,329218.89,,,,6.69,84.33,50.00,-,67.60,0,0.00
253590,네오셈,KOSDAQ150,13640.00,3.02,13510.00,0.96,6.09,0.23,80.38,-36.26,4,"50>150일선, 52주고가 75%↑",,,13640.00,,15549.60,,,,5.42,63.56,50.00,-,67.20,0,0.00
008930,한미사이언스,KOSPI200,52500.00,3.75,61000.00,-13.93,0.34,0.62,166.22,-13.93,5,150>200일선,,,52500.00,,59850.00,,,,6.77,86.78,50.00,-,67.10,0,0.00
455850,SOL AI반도체소부장,ETF,27495.00,3.68,27385.00,0.40,0.96,0.99,400.03,-21.86,5,50>150일선,,,27495.00,,30984.64,,,,4.23,77.81,50.00,ETF 수급 미반영,67.00,0,0.00
007340,DN오토모티브,KOSPI200,47700.00,-3.54,50600.00,-5.73,0.60,0.24,54.36,-29.33,5,52주고가 75%↑,,,47700.00,,54332.14,,,,4.63,81.89,50.00,-,66.70,0,0.00
091160,KODEX 반도체,ETF,140400.00,2.71,139950.00,0.32,0.92,0.97,2052.09,-25.62,4,"50>150일선, 52주고가 75%↑",,,140400.00,,156369.64,,,,3.79,91.26,50.00,ETF 수급 미반영,66.50,0,0.00
090430,아모레퍼시픽,KOSPI200,142200.00,0.42,152500.00,-6.75,0.48,0.42,326.19,-15.86,6,,,,142200.00,,158164.29,,,,3.74,68.44,50.00,-,66.40,0,0.00
039030,이오테크닉스,KOSDAQ150,479500.00,0.63,494500.00,-3.03,0.58,0.68,530.49,-23.03,5,50>150일선,,"관찰 조건 충족, 변동성 과대(ATR 5.8%)로 제외",494994.50,,564293.73,,,,5.85,81.48,50.00,-,66.40,0,0.00
175330,JB금융지주,KOSPI200,30250.00,-1.31,33100.00,-8.61,0.69,0.22,156.46,-21.43,6,,,,30250.00,,34321.43,,,,4.49,64.37,50.00,-,66.00,0,0.00
180640,한진칼,KOSPI200,140500.00,-0.64,154200.00,-8.88,0.65,0.28,116.45,-20.13,6,,,,140500.00,,160170.00,,,,5.27,64.78,50.00,-,65.90,0,0.00
000810,삼성화재,KOSPI200,648000.00,-0.61,705000.00,-8.09,0.55,0.33,695.10,-14.40,6,,,,648000.00,,727285.71,,,,4.08,65.59,50.00,-,65.70,0,0.00
128940,한미약품,KOSPI200,519000.00,2.98,564000.00,-7.98,0.95,0.46,639.66,-19.78,5,50>150일선,,,519000.00,,590464.29,,,,4.59,74.15,50.00,-,65.70,0,0.00
000720,현대건설,KOSPI200,122300.00,-7.21,142000.00,-13.87,1.79,0.21,941.58,-38.36,4,"50>150일선, 52주고가 75%↑",,,122300.00,,139422.00,,,,6.28,76.19,50.00,-,65.60,0,0.00
032820,우리기술,KOSDAQ150,12980.00,-3.35,15070.00,-13.87,0.65,0.29,978.08,-57.02,4,"50>150일선, 52주고가 75%↑",,,12980.00,,14797.20,,,,8.40,91.26,50.00,-,65.20,0,0.00
498400,KODEX 200타겟위클리커버드콜,ETF,21000.00,0.96,21233.00,-1.10,0.52,0.47,1250.78,-24.94,5,50>150일선,관찰,"피벗 21,233까지 1.1%",21254.23,20426.66,22909.38,2.00,-3.89,7.79,2.63,78.22,50.00,ETF 수급 미반영,65.00,60,1275253.98
251970,펌텍코리아,KOSDAQ150,57700.00,0.17,65500.00,-11.91,0.55,0.74,54.40,-17.81,5,150>200일선,,,57700.00,,65778.00,,,,6.31,77.41,50.00,-,64.80,0,0.00
000990,DB하이텍,KOSPI200,131700.00,1.07,134500.00,-2.08,0.83,0.80,750.64,-42.86,4,"50>150일선, 52주고가 75%↑",,,131700.00,,150138.00,,,,6.63,86.37,50.00,-,64.40,0,0.00
021240,코웨이,KOSPI200,99700.00,0.20,109200.00,-8.70,0.71,0.74,200.92,-8.70,6,,,,99700.00,,112878.57,,,,4.41,59.48,50.00,-,64.40,0,0.00
095340,ISC,KOSDAQ150,212500.00,2.41,221500.00,-4.06,0.67,0.93,292.58,-27.35,4,"50>150일선, 52주고가 75%↑",,,212500.00,,242250.00,,,,6.35,88.41,50.00,-,64.30,0,0.00
000150,두산,KOSPI200,1515000.00,2.78,1513000.00,0.13,1.03,0.91,1110.08,-39.13,4,"50>150일선, 52주고가 75%↑",,,1515000.00,,1727100.00,,,,5.74,83.11,50.00,-,64.20,0,0.00
006400,삼성SDI,KOSPI200,521000.00,-1.88,600000.00,-13.17,0.84,0.58,2356.05,-27.94,4,"50>150일선, 52주고가 75%↑",,,521000.00,,585714.29,,,,4.14,85.56,50.00,-,64.20,0,0.00
058610,에스피지,KOSDAQ150,100900.00,1.82,107600.00,-6.23,0.58,0.22,384.43,-39.11,4,"50>150일선, 52주고가 75%↑",,,100900.00,,115026.00,,,,6.70,88.81,50.00,-,64.00,0,0.00
443060,HD현대마린솔루션,KOSPI200,240000.00,-1.03,254000.00,-5.51,0.48,0.33,268.37,-16.38,6,,,"눌림 조건 충족, 변동성 과대(ATR 5.5%)로 제외",240000.00,,273600.00,,,,5.51,61.52,50.00,-,63.90,0,0.00
010120,LS ELECTRIC,KOSPI200,207000.00,-1.90,224000.00,-7.59,0.50,0.35,943.19,-38.21,4,"50>150일선, 52주고가 75%↑",,,207000.00,,233078.57,,,,4.20,89.22,50.00,-,63.70,0,0.00
069500,KODEX 200,ETF,113145.00,1.13,114635.00,-1.30,0.89,0.51,25029.43,-25.63,4,"50>150일선, 52주고가 75%↑",,,113145.00,,122978.57,,,,2.90,83.11,50.00,ETF 수급 미반영,63.60,0,0.00
396500,TIGER 반도체TOP10,ETF,39395.00,2.63,39560.00,-0.42,0.54,0.79,3314.79,-30.45,4,"50>150일선, 52주고가 75%↑",,,39395.00,,43976.43,,,,3.88,87.59,50.00,ETF 수급 미반영,63.40,0,0.00
133690,TIGER 미국나스닥100,ETF,184985.00,0.90,186080.00,-0.59,1.80,1.00,6839.17,-11.32,5,52주저가 +30%↑,관찰,"피벗 186,080까지 0.6%",186266.08,183205.12,192388.01,2.00,-1.64,3.29,1.10,53.37,50.00,ETF 수급 미반영,62.70,13,2421459.04
005290,동진쎄미켐,KOSDAQ150,46850.00,8.57,43650.00,7.33,2.75,0.93,115.97,-35.11,4,"50>150일선, 52주고가 75%↑",,"피벗 대비 +7.3% 과열, 추격 금지",46850.00,,51864.29,,,,3.57,52.96,50.00,-,62.30,0,0.00
028670,팬오션,KOSPI200,5610.00,-2.94,6350.00,-11.65,0.68,0.21,169.58,-15.00,5,종가>50일선,,,5610.00,,6395.40,,,,4.93,67.63,50.00,-,62.10,0,0.00
003550,LG,KOSPI200,113400.00,-2.41,125700.00,-9.79,0.45,0.31,373.86,-39.00,5,52주고가 75%↑,,,113400.00,,127307.14,,,,4.09,70.89,50.00,-,62.10,0,0.00
183300,코미코,KOSDAQ150,31500.00,1.78,33350.00,-5.55,1.05,0.41,152.55,-43.53,4,"50>150일선, 52주고가 75%↑",,,31500.00,,35910.00,,,,6.94,76.59,50.00,-,62.10,0,0.00
148020,RISE 200,ETF,113945.00,1.09,115545.00,-1.38,0.59,0.48,991.16,-25.70,4,"50>150일선, 52주고가 75%↑",,,113945.00,,123759.29,,,,2.87,83.11,50.00,ETF 수급 미반영,62.00,0,0.00
278470,에이피알,KOSPI200,369000.00,1.93,475000.00,-22.32,0.69,0.77,991.83,-22.32,5,종가>50일선,,,369000.00,,420660.00,,,,4.71,66.81,50.00,-,61.80,0,0.00
357780,솔브레인,KOSDAQ150,368000.00,8.88,354500.00,3.81,1.75,0.85,84.83,-30.57,4,"50>150일선, 52주고가 75%↑",,"돌파 조건 충족, 변동성 과대(ATR 4.9%)로 제외",368000.00,,419520.00,,,,4.95,65.19,50.00,-,61.60,0,0.00
000660,SK하이닉스,KOSPI200,1863000.00,1.20,1935000.00,-3.72,0.61,0.42,57910.63,-37.63,5,52주고가 75%↑,관찰,"피벗 1,935,000까지 3.7%",1936935.00,1805256.43,2200292.14,2.00,-6.80,13.60,4.71,95.74,0.00,"5일 -18,448억 (외 -21,603 / 기 +3,156)",61.50,0,0.00
0091P0,TIGER 코리아원자력,ETF,17350.00,-5.83,19710.00,-11.97,1.75,0.13,499.45,-38.43,4,"50>150일선, 52주고가 75%↑",,,17350.00,,19779.00,,,,5.13,64.78,50.00,ETF 수급 미반영,61.40,0,0.00
030530,원익홀딩스,KOSDAQ150,28000.00,6.26,27850.00,0.54,3.81,0.30,776.47,-44.66,2,"50>150일선, 150>200일선, 200일선 상승, 52주고가 75%↑",,,28000.00,,31920.00,,,,8.67,75.37,50.00,-,61.40,0,0.00
042700,한미반도체,KOSPI200,243000.00,1.04,266000.00,-8.65,0.48,0.92,1516.00,-42.96,4,"50>150일선, 52주고가 75%↑",,,243000.00,,277020.00,,,,5.33,82.70,50.00,-,61.40,0,0.00
131970,두산테스나,KOSDAQ150,94200.00,1.07,100800.00,-6.55,0.65,0.70,282.01,-52.16,4,"50>150일선, 52주고가 75%↑",,"눌림 조건 충족, 변동성 과대(ATR 7.9%)로 제외",94200.00,,107388.00,,,,7.94,79.85,50.00,-,61.20,0,0.00
403870,HPSP,KOSDAQ150,55600.00,2.77,60300.00,-7.79,0.56,0.75,1061.46,-39.57,4,"50>150일선, 52주고가 75%↑",,,55600.00,,63384.00,,,,5.38,80.67,50.00,-,61.00,0,0.00
379810,KODEX 미국나스닥100,ETF,27665.00,0.89,27830.00,-0.59,1.47,1.00,5025.56,-11.27,5,52주저가 +30%↑,관찰,"피벗 27,830까지 0.6%",27857.83,27395.51,28782.47,2.00,-1.66,3.32,1.11,53.37,50.00,ETF 수급 미반영,61.00,89,2479346.87
100790,미래에셋벤처투자,KOSDAQ150,17850.00,3.90,18300.00,-2.46,0.67,0.66,92.57,-74.75,4,"50>150일선, 52주고가 75%↑",,,17850.00,,20349.00,,,,5.87,78.22,50.00,-,60.70,0,0.00
105190,ACE 200,ETF,113375.00,1.10,114880.00,-1.31,0.31,0.46,229.27,-25.79,4,"50>150일선, 52주고가 75%↑",,,113375.00,,123119.64,,,,2.87,83.11,50.00,ETF 수급 미반영,60.60,0,0.00
001440,대한전선,KOSPI200,31350.00,-1.72,33450.00,-6.28,1.42,0.48,738.60,-58.70,4,"50>150일선, 52주고가 75%↑",,,31350.00,,35739.00,,,,5.80,66.00,50.00,-,60.20,0,0.00
487240,KODEX AI전력핵심설비,ETF,37200.00,-0.59,39055.00,-4.75,0.59,0.39,1032.74,-42.43,4,"50>150일선, 52주고가 75%↑",,,37200.00,,41903.57,,,,4.21,77.00,50.00,ETF 수급 미반영,59.90,0,0.00
139130,iM금융지주,KOSPI200,17910.00,-0.83,19500.00,-8.15,0.79,0.45,72.26,-18.59,5,50>150일선,,,17910.00,,19671.43,,,,3.28,59.89,50.00,-,59.90,0,0.00
078340,컴투스,KOSDAQ150,34850.00,-0.29,41000.00,-15.00,0.44,0.67,69.13,-17.42,5,150>200일선,,,34850.00,,39157.14,,,,4.12,63.96,50.00,-,59.60,0,0.00
010060,OCI홀딩스,KOSPI200,206500.00,9.72,284500.00,-27.42,1.38,0.91,553.89,-50.12,3,"종가>50일선, 50>150일선, 52주고가 75%↑",,,206500.00,,235410.00,,,,5.30,79.04,50.00,-,59.60,0,0.00
058470,리노공업,KOSDAQ150,74600.00,-1.19,76900.00,-2.99,2.42,0.52,486.62,-42.17,4,"50>150일선, 52주고가 75%↑",,,74600.00,,84714.29,,,,4.52,48.48,50.00,-,59.10,0,0.00
437730,삼현,KOSDAQ150,51700.00,-3.72,60300.00,-14.26,1.12,0.10,245.91,-32.77,3,"50>150일선, 150>200일선, 52주고가 75%↑",,,51700.00,,58938.00,,,,8.72,80.26,50.00,-,58.70,0,0.00
426030,TIME 미국나스닥100액티브,ETF,48835.00,2.10,49200.00,-0.74,0.61,1.00,312.61,-22.04,5,50>150일선,관찰,"피벗 49,200까지 0.7%",49249.20,47391.88,52963.84,2.00,-3.77,7.54,2.54,59.07,50.00,ETF 수급 미반영,58.70,26,1280479.20
032830,삼성생명,KOSPI200,295000.00,1.55,319500.00,-7.67,0.52,0.47,939.33,-42.88,4,"종가>50일선, 52주고가 75%↑",,,295000.00,,330464.29,,,,4.01,73.74,50.00,-,58.40,0,0.00
298040,효성중공업,KOSPI200,2892000.00,-0.92,3265000.00,-11.42,0.61,0.52,1119.61,-39.01,4,"50>150일선, 52주고가 75%↑",,,2892000.00,,3271285.71,,,,4.37,72.11,50.00,-,58.30,0,0.00
051900,LG생활건강,KOSPI200,293500.00,-0.84,327000.00,-10.24,0.37,0.19,202.57,-12.52,5,150>200일선,,,293500.00,,324250.00,,,,3.49,61.11,50.00,-,58.20,0,0.00
218410,RFHIC,KOSDAQ150,58800.00,0.17,64600.00,-8.98,0.71,0.42,310.11,-53.66,4,"50>150일선, 52주고가 75%↑",,,58800.00,,67032.00,,,,6.14,70.48,50.00,-,58.20,0,0.00
006260,LS,KOSPI200,322500.00,-1.23,338500.00,-4.73,0.49,0.14,333.37,-46.61,4,"50>150일선, 52주고가 75%↑",,,322500.00,,367650.00,,,,5.67,73.33,50.00,-,58.10,0,0.00
011070,LG이노텍,KOSPI200,536000.00,-0.74,643000.00,-16.64,0.43,0.46,1412.21,-70.02,3,"종가>50일선, 50>150일선, 52주고가 75%↑",,,536000.00,,609071.43,,,,4.54,88.00,50.00,-,58.00,0,0.00
108490,로보티즈,KOSDAQ150,301500.00,-0.33,352000.00,-14.35,0.68,0.27,1255.92,-35.02,3,"50>150일선, 150>200일선, 52주고가 75%↑",,,301500.00,,343710.00,,,,8.33,84.74,50.00,-,58.00,0,0.00
138040,메리츠금융지주,KOSPI200,125500.00,-2.49,139100.00,-9.78,0.57,0.19,324.40,-16.22,5,52주저가 +30%↑,,,125500.00,,141185.71,,,,4.17,57.44,50.00,-,57.90,0,0.00
166090,하나머티리얼즈,KOSDAQ150,58900.00,3.33,58300.00,1.03,0.71,0.89,85.06,-32.99,4,"50>150일선, 52주고가 75%↑",,,58900.00,,67146.00,,,,4.86,69.26,50.00,-,57.80,0,0.00
028260,삼성물산,KOSPI200,368500.00,1.10,401000.00,-8.10,0.63,0.24,1202.61,-34.78,4,"50>150일선, 52주고가 75%↑",,,368500.00,,419500.00,,,,4.61,70.07,50.00,-,57.70,0,0.00
052690,한전기술,KOSPI200,131000.00,-4.66,154100.00,-14.99,1.13,0.25,1050.05,-33.84,4,"50>150일선, 52주고가 75%↑",,,131000.00,,149340.00,,,,9.65,62.74,50.00,-,57.60,0,0.00
140860,파크시스템스,KOSDAQ150,265000.00,4.95,274000.00,-3.28,1.63,0.68,69.32,-24.39,4,"50>150일선, 52주저가 +30%↑",,,265000.00,,301428.57,,,,4.58,55.41,50.00,-,57.50,0,0.00
062040,산일전기,KOSPI200,205000.00,-0.73,215000.00,-4.65,0.45,0.56,627.90,-39.88,4,"50>150일선, 52주고가 75%↑",,,205000.00,,233700.00,,,,5.32,71.70,50.00,-,57.40,0,0.00
282330,BGF리테일,KOSPI200,133100.00,-0.97,153400.00,-13.23,0.32,0.28,76.68,-15.01,5,종가>50일선,,,133100.00,,150092.86,,,,4.26,59.07,50.00,-,57.30,0,0.00
073240,금호타이어,KOSPI200,6540.00,-2.24,7870.00,-16.90,0.29,0.24,141.23,-26.10,4,"종가>50일선, 52주고가 75%↑",,,6540.00,,7455.60,,,,4.78,72.93,50.00,-,57.00,0,0.00
018260,삼성에스디에스,KOSPI200,221000.00,-1.78,246000.00,-10.16,0.38,0.39,406.44,-43.11,4,"종가>50일선, 52주고가 75%↑",,,221000.00,,247035.71,,,,3.93,71.30,50.00,-,56.80,0,0.00
272210,한화시스템,KOSPI200,74400.00,-4.12,83000.00,-10.36,1.78,0.28,402.06,-59.57,4,"50>150일선, 52주고가 75%↑",,,74400.00,,84816.00,,,,6.13,50.11,50.00,-,56.40,0,0.00
017670,SK텔레콤,KOSPI200,87000.00,-0.23,103600.00,-16.02,0.40,0.25,850.93,-37.63,4,"종가>50일선, 52주고가 75%↑",,,87000.00,,94350.00,,,,2.82,68.04,50.00,-,55.80,0,0.00
098460,고영,KOSDAQ150,29150.00,0.87,30250.00,-3.64,0.66,0.42,272.52,-35.22,4,"50>150일선, 52주고가 75%↑",,,29150.00,,33231.00,,,,5.26,62.33,50.00,-,55.10,0,0.00
204270,제이앤티씨,KOSDAQ150,24000.00,-4.95,26750.00,-10.28,1.70,0.19,223.41,-20.27,3,"50>150일선, 150>200일선, 200일선 상승",,,24000.00,,27360.00,,,,7.99,61.93,50.00,-,55.10,0,0.00
319400,현대무벡스,KOSDAQ150,21100.00,-1.17,24250.00,-12.99,0.43,0.27,234.04,-58.13,3,"종가>50일선, 50>150일선, 52주고가 75%↑",,,21100.00,,24054.00,,,,5.03,77.00,50.00,-,54.10,0,0.00
004020,현대제철,KOSPI200,32000.00,-10.11,37200.00,-13.98,2.00,0.10,261.46,-36.51,4,"50>150일선, 52주고가 75%↑",,,32000.00,,36480.00,,,,5.55,40.33,50.00,-,54.10,0,0.00
050890,쏠리드,KOSDAQ150,9620.00,1.58,10270.00,-6.33,1.48,0.53,116.96,-53.97,4,"50>150일선, 52주고가 75%↑",,,9620.00,,10966.80,,,,5.96,46.85,50.00,-,53.80,0,0.00
090360,로보스타,KOSDAQ150,78800.00,0.13,83700.00,-5.85,0.46,0.22,87.03,-54.08,3,"50>150일선, 150>200일선, 52주고가 75%↑",,,78800.00,,89832.00,,,,5.65,75.78,50.00,-,53.80,0,0.00
267270,HD건설기계,KOSPI200,130900.00,-5.90,149700.00,-12.56,1.62,0.28,313.42,-39.82,3,"종가>50일선, 50>150일선, 52주고가 75%↑",,,130900.00,,149226.00,,,,5.54,58.67,50.00,-,53.60,0,0.00
034020,두산에너빌리티,KOSPI200,82700.00,-4.50,94400.00,-12.39,1.68,0.39,2624.68,-40.59,4,"50>150일선, 52주고가 75%↑",,,82700.00,,94278.00,,,,5.04,42.37,50.00,-,53.20,0,0.00
161390,한국타이어앤테크놀로지,KOSPI200,57300.00,-1.04,69300.00,-17.32,0.84,0.27,181.90,-26.91,4,"종가>50일선, 52주고가 75%↑",,,57300.00,,63835.71,,,,3.80,53.37,50.00,-,52.90,0,0.00
458730,TIGER 미국배당다우존스,ETF,14505.00,-0.10,15394.00,-5.77,0.86,1.00,296.10,-8.76,4,"종가>50일선, 52주저가 +30%↑",,,14505.00,,14938.93,,,,1.00,52.15,50.00,ETF 수급 미반영,52.60,0,0.00
000880,한화,KOSPI200,130100.00,-1.14,144800.00,-10.15,0.44,0.15,232.63,-34.87,4,"50>150일선, 52주고가 75%↑",,,130100.00,,148314.00,,,,4.67,56.22,50.00,-,51.90,0,0.00
323280,태성,KOSDAQ150,47050.00,1.07,51300.00,-8.28,0.82,0.96,127.00,-49.95,4,"50>150일선, 52주고가 75%↑",,,47050.00,,53637.00,,,,5.53,50.93,50.00,-,51.90,0,0.00
125490,한라캐스트,KOSDAQ150,12150.00,-2.10,13350.00,-8.99,0.72,0.14,210.41,-52.07,3,"50>150일선, 150>200일선, 52주고가 75%↑",,,12150.00,,13851.00,,,,8.15,66.41,50.00,-,51.80,0,0.00
012750,에스원,KOSPI200,82400.00,-1.55,89000.00,-7.42,0.56,0.20,58.84,-20.00,4,"50>150일선, 52주저가 +30%↑",,,82400.00,,91871.43,,,,3.83,53.78,50.00,-,51.60,0,0.00
381170,TIGER 미국테크TOP10 INDXX,ETF,31960.00,0.25,32315.00,-1.10,1.65,1.00,241.83,-10.21,3,"50>150일선, 200일선 상승, 52주저가 +30%↑",,,31960.00,,33068.93,,,,1.16,52.56,50.00,ETF 수급 미반영,51.60,0,0.00
112610,씨에스윈드,KOSPI200,50100.00,-0.20,54500.00,-8.07,0.47,0.36,151.95,-36.90,4,"50>150일선, 52주고가 75%↑",,,50100.00,,57114.00,,,,5.61,54.59,50.00,-,51.50,0,0.00
032500,케이엠더블유,KOSDAQ150,19540.00,1.03,20400.00,-4.22,0.64,0.44,51.06,-51.15,4,"50>150일선, 52주고가 75%↑",,,19540.00,,22275.60,,,,5.40,51.74,50.00,-,51.30,0,0.00
002380,KCC,KOSPI200,476500.00,1.93,514000.00,-7.30,0.76,0.63,122.81,-31.14,4,"50>150일선, 52주고가 75%↑",,,476500.00,,527821.43,,,,3.59,49.70,50.00,-,51.20,0,0.00
379800,KODEX 미국S&P500,ETF,23810.00,0.04,24115.00,-1.26,0.82,1.00,5274.63,-9.46,4,"종가>50일선, 52주저가 +30%↑",,,23810.00,,24452.86,,,,0.90,48.07,50.00,ETF 수급 미반영,50.90,0,0.00
007390,네이처셀,KOSDAQ150,24700.00,-0.60,28000.00,-11.79,0.32,0.36,54.98,-33.15,4,"200일선 상승, 52주고가 75%↑",,,24700.00,,26971.43,,,,3.07,55.00,50.00,-,50.90,0,0.00
014620,성광벤드,KOSDAQ150,31050.00,-3.57,36400.00,-14.70,1.07,0.43,70.25,-41.74,4,"50>150일선, 52주고가 75%↑",,,31050.00,,35397.00,,,,6.51,44.00,50.00,-,50.80,0,0.00
124500,아이티센글로벌,KOSDAQ150,29700.00,2.06,40500.00,-26.67,0.20,0.60,126.65,-60.66,4,"50>150일선, 52주고가 75%↑",,,29700.00,,33858.00,,,,7.23,56.63,50.00,-,50.80,0,0.00
483650,달바글로벌,KOSPI200,183100.00,2.58,240000.00,-23.71,0.95,0.46,299.54,-35.30,4,"종가>50일선, 52주고가 75%↑",,,183100.00,,208734.00,,,,5.11,46.04,50.00,-,50.80,0,0.00
360750,TIGER 미국S&P500,ETF,26200.00,-0.10,26540.00,-1.28,0.78,1.00,8140.30,-9.43,4,"종가>50일선, 52주저가 +30%↑",,,26200.00,,26914.64,,,,0.91,48.07,50.00,ETF 수급 미반영,50.70,0,0.00
033780,KT&G,KOSPI200,174500.00,-1.02,179000.00,-2.51,1.03,0.22,383.97,-9.30,5,종가>50일선,관찰,"피벗 179,000까지 2.5%",179179.00,173511.14,190514.71,2.00,-3.16,6.33,2.17,57.85,0.00,5일 -28억 (외 +185 / 기 -213),50.40,8,1433432.00
083650,비에이치아이,KOSDAQ150,60500.00,-5.76,70700.00,-14.43,1.52,0.29,291.62,-47.02,4,"50>150일선, 52주고가 75%↑",,,60500.00,,68970.00,,,,6.89,36.67,50.00,-,50.40,0,0.00
001430,세아베스틸지주,KOSPI200,44700.00,-1.87,49000.00,-8.78,0.85,0.31,52.86,-51.68,3,"50>150일선, 150>200일선, 52주고가 75%↑",,,44700.00,,50958.00,,,,5.79,60.30,50.00,-,50.30,0,0.00
082740,한화엔진,KOSPI200,48100.00,-2.63,54200.00,-11.25,0.94,0.44,378.09,-49.05,4,"50>150일선, 52주고가 75%↑",,,48100.00,,54834.00,,,,6.10,43.59,50.00,-,50.00,0,0.00
120110,코오롱인더,KOSPI200,54400.00,-1.98,62700.00,-13.24,0.84,0.48,117.65,-48.14,4,"50>150일선, 52주고가 75%↑",,,54400.00,,62016.00,,,,5.80,44.41,50.00,-,49.80,0,0.00
079550,LIG디펜스앤에어로스페이스,KOSPI200,699000.00,-1.27,780000.00,-10.38,0.52,0.46,606.66,-37.48,3,"종가>50일선, 50>150일선, 52주고가 75%↑",,,699000.00,,796860.00,,,,4.99,63.15,50.00,-,49.70,0,0.00
307950,현대오토에버,KOSPI200,380500.00,-1.42,471000.00,-19.21,0.48,0.35,206.81,-64.31,3,"종가>50일선, 50>150일선, 52주고가 75%↑",,,380500.00,,427000.00,,,,4.07,60.70,50.00,-,48.70,0,0.00
089030,테크윙,KOSDAQ150,49150.00,2.72,51000.00,-3.63,1.08,0.39,266.88,-33.58,3,"50>150일선, 200일선 상승, 52주고가 75%↑",,,49150.00,,56031.00,,,,5.53,51.33,50.00,-,48.40,0,0.00
082920,비츠로셀,KOSDAQ150,28100.00,-3.44,32500.00,-13.54,0.68,0.24,128.94,-58.55,3,"종가>50일선, 50>150일선, 52주고가 75%↑",,,28100.00,,32034.00,,,,5.89,57.04,50.00,-,48.40,0,0.00
011200,HMM,KOSPI200,20850.00,-1.65,22550.00,-7.54,0.42,0.25,184.70,-16.43,4,"종가>50일선, 52주저가 +30%↑",,,20850.00,,22585.71,,,,2.77,46.44,50.00,-,48.40,0,0.00
267250,HD현대,KOSPI200,207000.00,-0.72,261000.00,-20.69,1.00,0.65,359.10,-37.84,3,"종가>50일선, 50>150일선, 52주고가 75%↑",,,207000.00,,235980.00,,,,6.75,52.15,50.00,-,48.30,0,0.00
066970,엘앤에프,KOSPI200,109500.00,0.18,147600.00,-25.81,0.69,0.41,786.74,-51.33,3,"50>150일선, 200일선 상승, 52주고가 75%↑",,,109500.00,,124830.00,,,,6.74,55.81,50.00,-,48.00,0,0.00
004170,신세계,KOSPI200,349000.00,-2.38,441500.00,-20.95,0.72,0.26,328.59,-55.93,3,"종가>50일선, 50>150일선, 52주고가 75%↑",,,349000.00,,394214.29,,,,4.32,54.19,50.00,-,47.60,0,0.00
457190,이수스페셜티케미컬,KOSPI200,64200.00,-0.31,75700.00,-15.19,0.69,0.39,82.87,-51.29,4,"50>150일선, 52주고가 75%↑",,,64200.00,,71807.14,,,,3.95,39.52,50.00,-,47.30,0,0.00
007660,이수페타시스,KOSPI200,119200.00,5.02,119800.00,-0.50,1.33,0.91,705.89,-27.49,2,"50>150일선, 150>200일선, 200일선 상승, 52주고가 75%↑",,,119200.00,,135888.00,,,,5.94,58.26,50.00,-,47.00,0,0.00
014680,한솔케미칼,KOSPI200,238000.00,6.01,228000.00,4.39,1.16,0.89,89.71,-31.31,3,"50>150일선, 200일선 상승, 52주고가 75%↑",,,238000.00,,266864.29,,,,4.04,45.63,50.00,-,46.80,0,0.00
003670,포스코퓨처엠,KOSPI200,180600.00,-2.96,201000.00,-10.15,1.76,0.10,657.54,-39.70,2,"50>150일선, 150>200일선, 200일선 상승, 52주고가 75%↑",,,180600.00,,205884.00,,,,5.39,49.30,50.00,-,46.10,0,0.00
257720,실리콘투,KOSDAQ150,38900.00,-2.63,55900.00,-30.41,0.51,0.19,618.92,-30.66,3,"종가>50일선, 150>200일선, 52주고가 75%↑",,,38900.00,,44346.00,,,,5.09,50.52,50.00,-,45.20,0,0.00
071050,한국금융지주,KOSPI200,186600.00,0.43,197300.00,-5.42,0.81,0.26,300.74,-37.90,3,"종가>50일선, 50>150일선, 52주고가 75%↑",,,186600.00,,203292.86,,,,2.98,45.22,50.00,-,44.90,0,0.00
023530,롯데쇼핑,KOSPI200,104700.00,-3.94,122300.00,-14.39,0.60,0.18,187.83,-50.38,3,"종가>50일선, 50>150일선, 52주고가 75%↑",,,104700.00,,119358.00,,,,7.03,48.07,50.00,-,44.80,0,0.00
005940,NH투자증권,KOSPI200,26100.00,-0.76,27500.00,-5.09,0.73,0.26,115.41,-38.73,3,"종가>50일선, 50>150일선, 52주고가 75%↑",,,26100.00,,28114.29,,,,2.57,44.81,50.00,-,44.30,0,0.00
078600,대주전자재료,KOSDAQ150,86800.00,-0.46,97700.00,-11.16,0.49,0.54,99.14,-52.65,4,"50>150일선, 52주고가 75%↑",,,86800.00,,96914.29,,,,3.88,33.41,50.00,-,44.10,0,0.00
048410,현대바이오,KOSDAQ150,6870.00,1.18,7730.00,-11.13,0.52,0.39,102.93,-68.05,4,"50>150일선, 52주고가 75%↑",,,6870.00,,7831.80,,,,8.27,30.96,50.00,-,43.40,0,0.00
086280,현대글로비스,KOSPI200,198000.00,-2.22,216000.00,-8.33,1.31,0.39,325.62,-33.11,2,"종가>50일선, 50>150일선, 52주고가 75%↑, 52주저가 +30%↑",,,198000.00,,219792.86,,,,3.67,47.67,50.00,-,43.20,0,0.00
005380,현대차,KOSPI200,357000.00,-1.38,434000.00,-17.74,0.83,0.37,1955.50,-54.41,3,"종가>50일선, 50>150일선, 52주고가 75%↑",,,357000.00,,387964.29,,,,2.89,39.11,50.00,-,42.80,0,0.00
232140,와이씨,KOSDAQ150,14270.00,-0.21,15550.00,-8.23,1.07,0.50,395.86,-40.91,2,"50>150일선, 150>200일선, 200일선 상승, 52주고가 75%↑",,,14270.00,,16267.80,,,,5.83,48.89,50.00,-,42.50,0,0.00
006800,미래에셋증권,KOSPI200,32350.00,-1.52,37500.00,-13.73,0.55,0.33,355.50,-63.15,3,"종가>50일선, 50>150일선, 52주고가 75%↑",,,32350.00,,36153.57,,,,3.92,41.15,50.00,-,42.20,0,0.00
138930,BNK금융지주,KOSPI200,15890.00,1.86,16550.00,-3.99,0.99,0.03,170.37,-31.06,3,"50>150일선, 52주고가 75%↑, 52주저가 +30%↑",,,15890.00,,17460.71,,,,3.29,35.04,50.00,-,42.20,0,0.00
047810,한국항공우주,KOSPI200,128400.00,-1.31,139800.00,-8.15,0.47,0.37,406.66,-40.42,3,"종가>50일선, 50>150일선, 52주고가 75%↑",,,128400.00,,141107.14,,,,3.30,40.74,50.00,-,41.60,0,0.00
417200,LS머트리얼즈,KOSDAQ150,13570.00,0.52,14270.00,-4.91,1.10,0.68,120.18,-58.53,3,"50>150일선, 200일선 상승, 52주고가 75%↑",,,13570.00,,15469.80,,,,6.65,31.78,50.00,-,41.60,0,0.00
047050,포스코인터내셔널,KOSPI200,55500.00,-2.80,59100.00,-6.09,0.27,0.26,1465.33,-39.14,3,"50>150일선, 52주고가 75%↑, 52주저가 +30%↑",,,55500.00,,63085.71,,,,4.56,43.19,50.00,-,41.50,0,0.00
030200,KT,KOSPI200,52900.00,-0.56,55550.00,-4.77,0.48,0.33,143.18,-23.78,3,"종가>50일선, 50>150일선, 52주저가 +30%↑",,,52900.00,,55932.14,,,,1.91,39.93,50.00,-,41.40,0,0.00
009830,한화솔루션,KOSPI200,29400.00,6.52,34650.00,-15.15,1.18,0.83,551.63,-47.44,3,"종가>50일선, 50>150일선, 52주고가 75%↑",,,29400.00,,33516.00,,,,4.68,28.93,50.00,-,41.00,0,0.00
012450,한화에어로스페이스,KOSPI200,1031000.00,-2.92,1169000.00,-11.80,0.70,0.34,1426.76,-37.70,3,"종가>50일선, 50>150일선, 52주고가 75%↑",,,1031000.00,,1175340.00,,,,4.79,35.44,50.00,-,40.90,0,0.00
024110,기업은행,KOSPI200,20450.00,2.00,21500.00,-4.88,1.49,0.25,182.58,-30.80,2,"종가>50일선, 50>150일선, 52주고가 75%↑, 52주저가 +30%↑",,,20450.00,,21752.86,,,,2.12,37.48,50.00,-,40.60,0,0.00
009420,한올바이오파마,KOSPI200,46750.00,1.41,65900.00,-29.06,0.41,0.31,135.21,-35.96,3,"종가>50일선, 50>150일선, 52주고가 75%↑",,,46750.00,,53295.00,,,,4.72,38.30,50.00,-,40.50,0,0.00
016360,삼성증권,KOSPI200,91300.00,1.11,92200.00,-0.98,1.07,0.35,242.01,-43.99,2,"종가>50일선, 50>150일선, 52주고가 75%↑, 52주저가 +30%↑",,,91300.00,,97600.00,,,,2.30,42.78,50.00,-,40.30,0,0.00
090710,휴림로봇,KOSDAQ150,6250.00,-2.80,6700.00,-6.72,1.32,0.07,70.72,-76.50,2,"종가>50일선, 50>150일선, 150>200일선, 52주고가 75%↑",,,6250.00,,7125.00,,,,5.73,38.70,50.00,-,40.10,0,0.00
003230,삼양식품,KOSPI200,1218000.00,-2.87,1557000.00,-21.77,0.96,0.39,697.16,-26.85,2,"종가>50일선, 200일선 상승, 52주고가 75%↑, 52주저가 +30%↑",,,1218000.00,,1367357.14,,,,4.09,41.56,50.00,-,39.40,0,0.00
032640,LG유플러스,KOSPI200,14630.00,0.48,15230.00,-3.94,0.86,0.47,130.94,-22.18,2,"종가>50일선, 50>150일선, 200일선 상승, 52주저가 +30%↑",,,14630.00,,15577.14,,,,2.16,41.96,50.00,-,39.00,0,0.00
277810,레인보우로보틱스,KOSDAQ150,435500.00,-1.47,475500.00,-8.41,0.36,0.23,309.24,-55.52,3,"종가>50일선, 50>150일선, 52주고가 75%↑",,,435500.00,,496470.00,,,,4.84,33.81,50.00,-,38.60,0,0.00
178320,서진시스템,KOSDAQ150,32050.00,0.79,41700.00,-23.14,0.63,0.73,342.23,-61.52,3,"종가>50일선, 50>150일선, 52주고가 75%↑",,,32050.00,,36537.00,,,,6.21,29.74,50.00,-,38.50,0,0.00
232080,TIGER 코스닥150,ETF,14390.00,1.52,14865.00,-3.20,1.25,0.77,1778.15,-34.98,3,"50>150일선, 200일선 상승, 52주고가 75%↑",,,14390.00,,15663.93,,,,2.95,20.78,50.00,ETF 수급 미반영,38.50,0,0.00
012330,현대모비스,KOSPI200,369000.00,-1.20,505000.00,-26.93,0.59,0.28,1284.02,-55.11,3,"종가>50일선, 50>150일선, 52주고가 75%↑",,,369000.00,,408107.14,,,,3.53,27.30,50.00,-,37.50,0,0.00
241560,두산밥캣,KOSPI200,57900.00,-0.69,65400.00,-11.47,1.09,0.41,92.48,-27.35,2,"종가>50일선, 50>150일선, 52주고가 75%↑, 52주저가 +30%↑",,,57900.00,,63900.00,,,,3.45,34.22,50.00,-,37.40,0,0.00
064400,LG씨엔에스,KOSPI200,70000.00,-1.96,77800.00,-10.03,0.66,0.29,374.07,-54.34,2,"종가>50일선, 50>150일선, 52주고가 75%↑, 52주저가 +30%↑",,,70000.00,,76707.14,,,,3.19,37.89,50.00,-,36.60,0,0.00
005490,POSCO홀딩스,KOSPI200,311500.00,-1.89,351000.00,-11.25,0.71,0.23,780.60,-42.53,2,"종가>50일선, 50>150일선, 52주고가 75%↑, 52주저가 +30%↑",,,311500.00,,342250.00,,,,3.29,37.07,50.00,-,36.50,0,0.00
069960,현대백화점,KOSPI200,96900.00,-2.12,103300.00,-6.20,0.69,0.32,130.24,-56.35,3,"종가>50일선, 50>150일선, 52주고가 75%↑",,,96900.00,,108728.57,,,,4.07,22.81,50.00,-,36.40,0,0.00
011790,SKC,KOSPI200,89100.00,0.34,93700.00,-4.91,0.58,0.48,114.28,-51.68,3,"50>150일선, 200일선 상승, 52주고가 75%↑",,,89100.00,,99589.29,,,,3.92,23.63,50.00,-,36.20,0,0.00
036460,한국가스공사,KOSPI200,35450.00,-1.12,38100.00,-6.96,0.70,0.31,61.61,-22.43,2,"50>150일선, 150>200일선, 200일선 상승, 52주저가 +30%↑",,,35450.00,,38514.29,,,,2.88,36.26,50.00,-,36.20,0,0.00
004370,농심,KOSPI200,391500.00,0.26,460000.00,-14.89,0.49,0.58,121.50,-32.38,1,"종가>50일선, 150>200일선, 200일선 상승, 52주고가 75%↑, 52주저가 +30%↑",,,391500.00,,423107.14,,,,2.69,52.56,50.00,-,35.80,0,0.00
305720,KODEX 2차전지산업,ETF,14325.00,0.14,15950.00,-10.19,0.58,0.24,588.77,-37.34,2,"50>150일선, 200일선 상승, 52주고가 75%↑, 52주저가 +30%↑",,,14325.00,,15836.79,,,,3.52,34.63,50.00,ETF 수급 미반영,35.00,0,0.00
229200,KODEX 코스닥150,ETF,14150.00,1.65,14570.00,-2.88,0.52,0.83,4136.25,-34.87,3,"50>150일선, 200일선 상승, 52주고가 75%↑",,,14150.00,,15421.14,,,,2.99,20.78,50.00,ETF 수급 미반영,34.90,0,0.00
000670,영풍,KOSPI200,43200.00,-1.14,53500.00,-19.25,1.00,0.46,51.83,-39.83,2,"50>150일선, 150>200일선, 200일선 상승, 52주고가 75%↑",,,43200.00,,49248.00,,,,7.90,27.70,50.00,-,34.70,0,0.00
204320,HL만도,KOSPI200,45500.00,-1.19,52600.00,-13.50,0.58,0.47,140.94,-42.48,2,"종가>50일선, 50>150일선, 150>200일선, 52주고가 75%↑",,,45500.00,,50583.93,,,,3.72,33.00,50.00,-,34.40,0,0.00
041190,우리기술투자,KOSDAQ150,5990.00,-0.50,7040.00,-14.91,0.56,0.55,301.50,-54.41,2,"50>150일선, 150>200일선, 200일선 상승, 52주고가 75%↑",,,5990.00,,6828.60,,,,6.96,32.59,50.00,-,34.20,0,0.00
068270,셀트리온,KOSPI200,178100.00,-0.11,195500.00,-8.90,0.52,0.45,723.28,-25.56,1,"종가>50일선, 50>150일선, 150>200일선, 52주고가 75%↑, 52주저가 +30%↑",,,178100.00,,189800.00,,,,2.19,47.26,50.00,-,34.10,0,0.00
271560,오리온,KOSPI200,110200.00,-0.45,131500.00,-16.20,0.67,0.32,132.14,-26.58,2,"종가>50일선, 50>150일선, 52주고가 75%↑, 52주저가 +30%↑",,,110200.00,,120764.29,,,,3.20,30.56,50.00,-,34.10,0,0.00
101490,에스앤에스텍,KOSDAQ150,44350.00,3.02,44750.00,-0.89,0.85,0.97,96.31,-59.09,3,"50>150일선, 200일선 상승, 52주고가 75%↑",,,44350.00,,50392.86,,,,4.54,13.44,50.00,-,34.00,0,0.00
036570,NC,KOSPI200,213500.00,-4.47,231000.00,-7.58,1.17,0.31,168.51,-37.85,1,"종가>50일선, 50>150일선, 200일선 상승, 52주고가 75%↑, 52주저가 +30%↑",,,213500.00,,238057.14,,,,3.83,35.85,50.00,-,33.40,0,0.00
000270,기아,KOSPI200,116200.00,-2.35,135800.00,-14.43,0.93,0.25,978.26,-45.32,2,"종가>50일선, 50>150일선, 52주고가 75%↑, 52주저가 +30%↑",,,116200.00,,126121.43,,,,2.85,22.00,50.00,-,32.40,0,0.00
025980,아난티,KOSDAQ150,5260.00,-4.71,5790.00,-9.15,0.55,0.53,158.95,-49.81,2,"50>150일선, 150>200일선, 200일선 상승, 52주고가 75%↑",,,5260.00,,5996.40,,,,5.77,26.48,50.00,-,32.00,0,0.00
361610,SK아이이테크놀로지,KOSPI200,17190.00,5.46,19960.00,-13.88,1.27,0.76,120.02,-51.03,2,"50>150일선, 150>200일선, 200일선 상승, 52주고가 75%↑",,,17190.00,,19596.60,,,,5.61,15.48,50.00,-,31.80,0,0.00
103140,풍산,KOSPI200,77500.00,-1.77,87400.00,-11.33,0.67,0.21,89.24,-51.32,2,"50>150일선, 150>200일선, 200일선 상승, 52주고가 75%↑",,,77500.00,,86350.00,,,,3.81,24.04,50.00,-,31.80,0,0.00
161580,필옵틱스,KOSDAQ150,32550.00,0.93,38600.00,-15.67,0.85,0.29,104.12,-49.85,2,"50>150일선, 150>200일선, 200일선 상승, 52주고가 75%↑",,,32550.00,,37107.00,,,,7.54,18.33,50.00,-,30.70,0,0.00
263750,펄어비스,KOSDAQ150,33700.00,-0.74,36700.00,-8.17,0.34,0.18,99.64,-56.46,2,"50>150일선, 200일선 상승, 52주고가 75%↑, 52주저가 +30%↑",,,33700.00,,38418.00,,,,6.36,25.26,50.00,-,30.50,0,0.00
267260,HD현대일렉트릭,KOSPI200,713000.00,-0.28,854000.00,-16.51,0.50,0.55,878.58,-50.14,2,"종가>50일선, 50>150일선, 200일선 상승, 52주고가 75%↑",,,713000.00,,803214.29,,,,4.22,22.41,50.00,-,30.40,0,0.00
323410,카카오뱅크,KOSPI200,20000.00,-0.99,22500.00,-11.11,1.18,0.18,170.01,-32.20,1,"종가>50일선, 50>150일선, 200일선 상승, 52주고가 75%↑, 52주저가 +30%↑",,,20000.00,,21532.14,,,,2.55,26.89,50.00,-,30.30,0,0.00
454910,두산로보틱스,KOSPI200,71400.00,-0.14,73900.00,-3.38,0.65,0.61,196.99,-58.00,2,"50>150일선, 150>200일선, 200일선 상승, 52주고가 75%↑",,,71400.00,,80657.14,,,,4.32,19.96,50.00,-,30.20,0,0.00
373220,LG에너지솔루션,KOSPI200,352000.00,0.00,387000.00,-9.04,0.73,0.26,1143.14,-33.21,1,"50>150일선, 150>200일선, 200일선 상승, 52주고가 75%↑, 52주저가 +30%↑",,,352000.00,,395500.00,,,,4.12,32.19,50.00,-,29.90,0,0.00
011780,금호석유화학,KOSPI200,117400.00,-0.09,136300.00,-13.87,0.51,0.56,111.44,-27.66,1,"종가>50일선, 50>150일선, 150>200일선, 52주고가 75%↑, 52주저가 +30%↑",,,117400.00,,130600.00,,,,3.75,34.63,50.00,-,29.70,0,0.00
041510,에스엠,KOSDAQ150,82800.00,0.49,91000.00,-9.01,0.93,0.59,101.57,-45.88,1,"50>150일선, 150>200일선, 200일선 상승, 52주고가 75%↑, 52주저가 +30%↑",,,82800.00,,94392.00,,,,5.42,28.52,50.00,-,29.60,0,0.00
086520,에코프로,KOSDAQ150,80100.00,-0.12,92300.00,-13.22,0.41,0.39,502.79,-57.84,2,"종가>50일선, 50>150일선, 200일선 상승, 52주고가 75%↑",,,80100.00,,89721.43,,,,4.00,21.59,50.00,-,29.60,0,0.00
017800,현대엘리베이터,KOSPI200,74000.00,-0.40,76800.00,-3.65,0.57,0.50,62.36,-34.74,1,"50>150일선, 150>200일선, 200일선 상승, 52주고가 75%↑, 52주저가 +30%↑",,,74000.00,,78242.86,,,,1.91,30.15,50.00,-,28.40,0,0.00
010130,고려아연,KOSPI200,1116000.00,0.00,1404000.00,-20.51,0.34,0.75,228.89,-48.99,1,"종가>50일선, 50>150일선, 150>200일선, 52주고가 75%↑, 52주저가 +30%↑",,,1116000.00,,1215000.00,,,,2.96,31.37,50.00,-,27.70,0,0.00
145020,휴젤,KOSDAQ150,186800.00,-1.84,262000.00,-28.70,0.86,0.17,108.66,-43.22,2,"종가>50일선, 50>150일선, 52주고가 75%↑, 52주저가 +30%↑",,,186800.00,,212878.57,,,,4.65,8.56,50.00,-,27.30,0,0.00
018880,한온시스템,KOSPI200,3245.00,-2.70,3595.00,-9.74,0.90,0.21,86.13,-45.37,1,"종가>50일선, 50>150일선, 200일선 상승, 52주고가 75%↑, 52주저가 +30%↑",,,3245.00,,3588.93,,,,3.53,21.19,50.00,-,26.90,0,0.00
051600,한전KPS,KOSPI200,46100.00,-1.50,50900.00,-9.43,0.56,0.40,62.25,-33.19,1,"50>150일선, 150>200일선, 200일선 상승, 52주고가 75%↑, 52주저가 +30%↑",,,46100.00,,50717.86,,,,3.34,24.44,50.00,-,26.40,0,0.00
328130,루닛,KOSDAQ150,9870.00,2.92,10570.00,-6.62,1.71,0.36,52.14,-59.80,1,"50>150일선, 150>200일선, 200일선 상승, 52주고가 75%↑, 52주저가 +30%↑",,,9870.00,,11251.80,,,,5.59,6.52,50.00,-,25.80,0,0.00
081660,미스토홀딩스,KOSPI200,37950.00,0.26,42450.00,-10.60,1.12,0.85,50.14,-31.99,0,"종가>50일선, 50>150일선, 150>200일선, 200일선 상승, 52주고가 75%↑, 52주저가 +30%↑",,,37950.00,,41925.00,,,,3.49,29.33,50.00,-,25.80,0,0.00
030000,제일기획,KOSPI200,17740.00,0.68,19370.00,-8.42,0.52,0.81,72.23,-23.86,1,"종가>50일선, 50>150일선, 150>200일선, 200일선 상승, 52주저가 +30%↑",,,17740.00,,18677.50,,,,1.76,23.22,50.00,-,25.70,0,0.00
139480,이마트,KOSPI200,71800.00,-1.24,76500.00,-6.14,0.89,0.25,69.94,-47.36,1,"종가>50일선, 50>150일선, 200일선 상승, 52주고가 75%↑, 52주저가 +30%↑",,,71800.00,,76900.00,,,,2.37,17.93,50.00,-,25.70,0,0.00
310210,보로노이,KOSDAQ150,145700.00,-2.87,183500.00,-20.60,0.42,0.23,122.29,-61.20,2,"종가>50일선, 50>150일선, 200일선 상승, 52주고가 75%↑",,,145700.00,,166098.00,,,,7.82,8.96,50.00,-,25.20,0,0.00
214450,파마리서치,KOSDAQ150,323500.00,0.00,465500.00,-30.50,0.29,0.29,401.42,-51.79,1,"종가>50일선, 150>200일선, 200일선 상승, 52주고가 75%↑, 52주저가 +30%↑",,,323500.00,,368607.14,,,,4.65,24.85,50.00,-,25.10,0,0.00
011170,롯데케미칼,KOSPI200,60800.00,-3.34,71400.00,-14.85,0.76,0.29,129.40,-49.12,1,"50>150일선, 150>200일선, 200일선 상승, 52주고가 75%↑, 52주저가 +30%↑",,,60800.00,,69312.00,,,,6.55,17.52,50.00,-,24.90,0,0.00
035420,NAVER,KOSPI200,196000.00,-2.49,229000.00,-14.41,1.17,0.27,1387.77,-35.53,0,"종가>50일선, 50>150일선, 150>200일선, 200일선 상승, 52주고가 75%↑, 52주저가 +30%↑",,,196000.00,,212242.86,,,,2.76,25.67,50.00,-,24.80,0,0.00
039490,키움증권,KOSPI200,265000.00,1.15,290000.00,-8.62,0.58,0.47,173.14,-48.74,1,"종가>50일선, 50>150일선, 200일선 상승, 52주고가 75%↑, 52주저가 +30%↑",,,265000.00,,289107.14,,,,3.03,19.56,50.00,-,24.80,0,0.00
008770,호텔신라,KOSPI200,40250.00,-0.49,45500.00,-11.54,0.46,0.31,78.71,-42.75,1,"종가>50일선, 50>150일선, 200일선 상승, 52주고가 75%↑, 52주저가 +30%↑",,,40250.00,,42601.79,,,,1.95,20.78,50.00,-,24.60,0,0.00
475830,오름테라퓨틱,KOSDAQ150,24800.00,-3.12,72800.00,-65.93,2.79,0.00,131.69,-83.08,0,"종가>50일선, 50>150일선, 150>200일선, 200일선 상승, 52주고가 75%↑, 52주저가 +30%↑",,,24800.00,,28272.00,,,,19.05,0.81,50.00,-,24.20,0,0.00
122870,와이지엔터테인먼트,KOSDAQ150,43000.00,0.70,45600.00,-5.70,0.78,0.52,53.88,-59.40,1,"50>150일선, 150>200일선, 200일선 상승, 52주고가 75%↑, 52주저가 +30%↑",,,43000.00,,48014.29,,,,3.89,12.63,50.00,-,23.30,0,0.00
000250,삼천당제약,KOSDAQ150,166600.00,2.97,173500.00,-3.98,0.34,0.85,124.17,-86.49,2,"종가>50일선, 50>150일선, 200일선 상승, 52주고가 75%↑",,,166600.00,,185092.86,,,,3.70,2.85,50.00,-,22.70,0,0.00
207940,삼성바이오로직스,KOSPI200,1373000.00,-1.36,1611000.00,-14.77,0.71,0.38,583.54,-30.90,0,"종가>50일선, 50>150일선, 150>200일선, 200일선 상승, 52주고가 75%↑, 52주저가 +30%↑",,,1373000.00,,1465785.71,,,,2.25,26.07,50.00,-,22.70,0,0.00
226950,올릭스,KOSDAQ150,102300.00,-0.49,117900.00,-13.23,0.46,0.25,240.86,-52.86,1,"종가>50일선, 50>150일선, 200일선 상승, 52주고가 75%↑, 52주저가 +30%↑",,,102300.00,,116622.00,,,,7.60,13.04,50.00,-,21.80,0,0.00
213420,덕산네오룩스,KOSDAQ150,29000.00,0.69,34600.00,-16.18,0.57,0.50,65.15,-49.39,1,"종가>50일선, 50>150일선, 200일선 상승, 52주고가 75%↑, 52주저가 +30%↑",,,29000.00,,33060.00,,,,4.90,9.78,50.00,-,21.30,0,0.00
097950,CJ제일제당,KOSPI200,176300.00,1.03,191000.00,-7.70,0.92,0.44,102.69,-30.04,0,"종가>50일선, 50>150일선, 150>200일선, 200일선 상승, 52주고가 75%↑, 52주저가 +30%↑",,,176300.00,,185192.86,,,,1.68,18.74,50.00,-,21.20,0,0.00
029780,삼성카드,KOSPI200,42750.00,-0.23,47650.00,-10.28,0.99,0.38,53.64,-38.22,0,"종가>50일선, 50>150일선, 150>200일선, 200일선 상승, 52주고가 75%↑, 52주저가 +30%↑",,,42750.00,,44935.71,,,,1.70,16.70,50.00,-,20.80,0,0.00
060250,NHN KCP,KOSDAQ150,13250.00,0.99,16260.00,-18.51,0.20,0.76,58.72,-48.04,0,"종가>50일선, 50>150일선, 150>200일선, 200일선 상승, 52주고가 75%↑, 52주저가 +30%↑",,,13250.00,,15105.00,,,,5.32,28.11,50.00,-,20.80,0,0.00
006650,대한유화,KOSPI200,91400.00,-4.69,115900.00,-21.14,1.54,0.20,57.33,-54.86,0,"종가>50일선, 50>150일선, 150>200일선, 200일선 상승, 52주고가 75%↑, 52주저가 +30%↑",,,91400.00,,104196.00,,,,7.02,7.74,50.00,-,20.40,0,0.00
010140,삼성중공업,KOSPI200,20450.00,-1.21,22500.00,-9.11,0.73,0.45,626.51,-42.15,0,"종가>50일선, 50>150일선, 150>200일선, 200일선 상승, 52주고가 75%↑, 52주저가 +30%↑",,,20450.00,,23096.43,,,,4.31,17.11,50.00,-,19.70,0,0.00
009540,HD한국조선해양,KOSPI200,335000.00,-1.62,370500.00,-9.58,0.60,0.38,553.70,-32.25,0,"종가>50일선, 50>150일선, 150>200일선, 200일선 상승, 52주고가 75%↑, 52주저가 +30%↑",,,335000.00,,380642.86,,,,4.54,19.15,50.00,-,19.70,0,0.00
051910,LG화학,KOSPI200,253000.00,-1.17,300000.00,-15.67,0.74,0.17,543.81,-42.17,0,"종가>50일선, 50>150일선, 150>200일선, 200일선 상승, 52주고가 75%↑, 52주저가 +30%↑",,,253000.00,,288420.00,,,,4.69,15.89,50.00,-,19.30,0,0.00
377300,카카오페이,KOSPI200,40450.00,-1.22,49000.00,-17.45,0.44,0.15,149.43,-48.93,0,"종가>50일선, 50>150일선, 150>200일선, 200일선 상승, 52주고가 75%↑, 52주저가 +30%↑",,,40450.00,,46113.00,,,,5.24,20.37,50.00,-,19.30,0,0.00
329180,HD현대중공업,KOSPI200,444000.00,-2.20,491000.00,-9.57,0.70,0.44,1263.47,-41.96,0,"종가>50일선, 50>150일선, 150>200일선, 200일선 상승, 52주고가 75%↑, 52주저가 +30%↑",,,444000.00,,506160.00,,,,5.00,14.26,50.00,-,18.50,0,0.00
000100,유한양행,KOSPI200,74000.00,-1.07,87100.00,-15.04,0.66,0.23,185.32,-42.72,0,"종가>50일선, 50>150일선, 150>200일선, 200일선 상승, 52주고가 75%↑, 52주저가 +30%↑",,,74000.00,,79892.86,,,,2.65,14.67,50.00,-,18.50,0,0.00
290650,엘앤씨바이오,KOSDAQ150,47000.00,0.53,54300.00,-13.44,0.26,0.43,95.84,-61.18,1,"종가>50일선, 50>150일선, 200일선 상승, 52주고가 75%↑, 52주저가 +30%↑",,,47000.00,,53580.00,,,,5.64,6.11,50.00,-,18.40,0,0.00
015760,한국전력,KOSPI200,30450.00,-1.46,36400.00,-16.35,0.88,0.38,518.61,-56.19,0,"종가>50일선, 50>150일선, 150>200일선, 200일선 상승, 52주고가 75%↑, 52주저가 +30%↑",,,30450.00,,33551.79,,,,3.40,10.59,50.00,-,18.10,0,0.00
259960,크래프톤,KOSPI200,198500.00,-1.73,232500.00,-14.62,0.56,0.21,168.84,-39.11,0,"종가>50일선, 50>150일선, 150>200일선, 200일선 상승, 52주고가 75%↑, 52주저가 +30%↑",,,198500.00,,216146.43,,,,2.96,15.07,50.00,-,18.10,0,0.00
087010,펩트론,KOSDAQ150,145200.00,0.97,192900.00,-24.73,0.45,0.45,207.57,-63.01,1,"종가>50일선, 50>150일선, 150>200일선, 200일선 상승, 52주고가 75%↑",,,145200.00,,165528.00,,,,7.09,2.04,50.00,-,18.00,0,0.00
326030,SK바이오팜,KOSPI200,76200.00,-0.65,94800.00,-19.62,0.68,0.43,100.41,-47.12,0,"종가>50일선, 50>150일선, 150>200일선, 200일선 상승, 52주고가 75%↑, 52주저가 +30%↑",,,76200.00,,83614.29,,,,3.24,12.22,50.00,-,17.70,0,0.00
196170,알테오젠,KOSDAQ150,251500.00,0.80,329000.00,-23.56,0.38,0.33,1553.12,-42.56,0,"종가>50일선, 50>150일선, 150>200일선, 200일선 상승, 52주고가 75%↑, 52주저가 +30%↑",,,251500.00,,280482.14,,,,3.84,16.30,50.00,-,17.60,0,0.00
348370,엔켐,KOSDAQ150,20200.00,-0.49,24000.00,-15.83,0.37,0.66,52.81,-80.76,1,"종가>50일선, 50>150일선, 150>200일선, 200일선 상승, 52주고가 75%↑",,,20200.00,,23028.00,,,,6.17,1.63,50.00,-,17.40,0,0.00
298380,에이비엘바이오,KOSDAQ150,50700.00,-0.78,81300.00,-37.64,1.46,0.57,210.90,-80.31,0,"종가>50일선, 50>150일선, 150>200일선, 200일선 상승, 52주고가 75%↑, 52주저가 +30%↑",,,50700.00,,57798.00,,,,6.86,0.41,50.00,-,17.40,0,0.00
034220,LG디스플레이,KOSPI200,8500.00,-0.23,9900.00,-14.14,0.86,0.12,477.51,-52.65,0,"종가>50일선, 50>150일선, 150>200일선, 200일선 상승, 52주고가 75%↑, 52주저가 +30%↑",,,8500.00,,9397.86,,,,3.52,8.15,50.00,-,17.20,0,0.00
042660,한화오션,KOSPI200,80700.00,-1.59,90900.00,-11.22,0.79,0.48,555.28,-47.87,0,"종가>50일선, 50>150일선, 150>200일선, 200일선 상승, 52주고가 75%↑, 52주저가 +30%↑",,,80700.00,,88971.43,,,,3.42,9.37,50.00,-,17.20,0,0.00
035720,카카오,KOSPI200,33800.00,-1.31,37250.00,-9.26,0.64,0.33,519.93,-51.51,0,"종가>50일선, 50>150일선, 150>200일선, 200일선 상승, 52주고가 75%↑, 52주저가 +30%↑",,,33800.00,,36767.86,,,,2.93,11.41,50.00,-,17.20,0,0.00
001040,CJ,KOSPI200,130000.00,0.70,136800.00,-4.97,0.71,0.30,143.61,-44.68,0,"종가>50일선, 50>150일선, 150>200일선, 200일선 상승, 52주고가 75%↑, 52주저가 +30%↑",,,130000.00,,143500.00,,,,3.46,10.19,50.00,-,17.10,0,0.00
352820,하이브,KOSPI200,157700.00,0.38,188300.00,-16.25,1.04,0.84,308.85,-61.11,0,"종가>50일선, 50>150일선, 150>200일선, 200일선 상승, 52주고가 75%↑, 52주저가 +30%↑",,,157700.00,,174435.71,,,,3.54,4.89,50.00,-,16.90,0,0.00
071970,HD현대마린엔진,KOSPI200,49100.00,-2.19,56000.00,-12.32,0.90,0.42,83.38,-58.46,0,"종가>50일선, 50>150일선, 150>200일선, 200일선 상승, 52주고가 75%↑, 52주저가 +30%↑",,,49100.00,,55974.00,,,,4.83,6.93,50.00,-,16.90,0,0.00
247540,에코프로비엠,KOSDAQ150,105500.00,0.86,119193.00,-11.49,0.74,0.38,400.65,-58.77,0,"종가>50일선, 50>150일선, 150>200일선, 200일선 상승, 52주고가 75%↑, 52주저가 +30%↑",,,105500.00,,120270.00,,,,5.05,7.33,50.00,-,16.30,0,0.00
022100,포스코DX,KOSPI200,20050.00,-0.99,22500.00,-10.89,0.24,0.19,313.61,-56.03,0,"종가>50일선, 50>150일선, 150>200일선, 200일선 상승, 52주고가 75%↑, 52주저가 +30%↑",,,20050.00,,22480.00,,,,4.04,13.85,50.00,-,16.00,0,0.00
450080,에코프로머티,KOSPI200,35050.00,-0.71,40200.00,-12.81,0.71,0.28,90.33,-60.53,0,"종가>50일선, 50>150일선, 150>200일선, 200일선 상승, 52주고가 75%↑, 52주저가 +30%↑",,,35050.00,,39571.43,,,,4.30,5.30,50.00,-,15.40,0,0.00
251270,넷마블,KOSPI200,34600.00,-0.57,38950.00,-11.17,0.24,0.44,236.25,-49.86,0,"종가>50일선, 50>150일선, 150>200일선, 200일선 상승, 52주고가 75%↑, 52주저가 +30%↑",,,34600.00,,37514.29,,,,2.81,11.81,50.00,-,15.30,0,0.00
237690,에스티팜,KOSDAQ150,90800.00,0.67,112800.00,-19.50,0.30,0.23,100.60,-47.24,0,"종가>50일선, 50>150일선, 150>200일선, 200일선 상승, 52주고가 75%↑, 52주저가 +30%↑",,,90800.00,,101385.71,,,,3.89,11.00,50.00,-,15.30,0,0.00
028300,HLB,KOSDAQ150,31050.00,-0.32,38800.00,-19.97,0.54,0.39,481.49,-55.13,0,"종가>50일선, 50>150일선, 150>200일선, 200일선 상승, 52주고가 75%↑, 52주저가 +30%↑",,,31050.00,,35397.00,,,,6.22,5.70,50.00,-,14.70,0,0.00
466100,클로봇,KOSDAQ150,23050.00,0.44,28300.00,-18.55,0.57,0.24,68.31,-70.43,0,"종가>50일선, 50>150일선, 150>200일선, 200일선 상승, 52주고가 75%↑, 52주저가 +30%↑",,,23050.00,,26277.00,,,,4.91,4.48,50.00,-,14.40,0,0.00
064350,현대로템,KOSPI200,116700.00,-1.19,141300.00,-17.41,0.51,0.45,383.15,-58.62,0,"종가>50일선, 50>150일선, 150>200일선, 200일선 상승, 52주고가 75%↑, 52주저가 +30%↑",,,116700.00,,129664.29,,,,3.70,3.26,50.00,-,13.70,0,0.00
347850,디앤디파마텍,KOSDAQ150,44650.00,3.84,58900.00,-24.19,0.46,0.62,252.01,-61.71,0,"종가>50일선, 50>150일선, 150>200일선, 200일선 상승, 52주고가 75%↑, 52주저가 +30%↑",,,44650.00,,50901.00,,,,4.73,4.07,50.00,-,13.70,0,0.00
035900,JYP Ent.,KOSDAQ150,37800.00,0.13,40800.00,-7.35,0.37,0.62,67.09,-57.29,0,"종가>50일선, 50>150일선, 150>200일선, 200일선 상승, 52주고가 75%↑, 52주저가 +30%↑",,,37800.00,,40339.29,,,,2.24,3.67,50.00,-,13.10,0,0.00
141080,리가켐바이오,KOSDAQ150,80700.00,0.75,102800.00,-21.50,0.43,0.23,168.67,-64.13,0,"종가>50일선, 50>150일선, 150>200일선, 200일선 상승, 52주고가 75%↑, 52주저가 +30%↑",,,80700.00,,91092.86,,,,4.29,1.22,50.00,-,12.60,0,0.00
214150,클래시스,KOSDAQ150,30750.00,0.16,34450.00,-10.74,0.24,0.62,62.16,-60.37,0,"종가>50일선, 50>150일선, 150>200일선, 200일선 상승, 52주고가 75%↑, 52주저가 +30%↑",,,30750.00,,33782.14,,,,3.29,2.44,50.00,-,12.10,0,0.00
