ticker,name,open,high,low,close,volume,value,chg,시가총액,market,prev_volume,ratio,value_eok
018880,한온시스템,3255,3635,3250,3520,23424583,82365512593,10.00,3612404723840,KOSPI,3195421,7.33,823.66
030000,제일기획,18510,18930,18250,18740,1153853,21471950080,4.81,2155872556500,KOSPI,175762,6.56,214.72
417200,LS머트리얼즈,13380,14680,13380,13910,3910212,55869973330,6.51,941048486690,KOSDAQ,602706,6.49,558.70
093370,후성,14140,15500,14140,15000,9664465,145279935405,6.23,1608829950000,KOSPI,1789418,5.40,1452.80
088350,한화생명,5830,5830,5320,5330,5958938,32419642865,-8.58,4629264900000,KOSPI,1399872,4.26,324.20
290650,엘앤씨바이오,47750,52400,47550,51800,389792,19836525550,9.51,1397030667200,KOSDAQ,94920,4.11,198.37
096530,씨젠,33900,35450,33550,35450,517916,18091217200,5.19,1656734550900,KOSDAQ,162290,3.19,180.91
267260,HD현대일렉트릭,680000,693000,658000,662000,386388,259764074000,-2.79,23863203370000,KOSPI,121842,3.17,2597.64
241710,코스메카코리아,130800,131900,112700,113800,238388,27927410650,-12.19,1215384000000,KOSDAQ,78597,3.03,279.27
