ticker,name,surge_date,surge_ratio,surge_close,close,hold,vol_cut,chg,value_eok,market
240550,동방메디컬,20260921,66.86,6380.00,6380.00,0.00,0.01,-0.78,6.25,KOSDAQ
009580,무림P&P,20260922,132.49,1815.00,1761.00,-2.98,0.03,-2.11,5.92,KOSPI
084010,대한제강,20261001,167.45,9100.00,8940.00,-1.76,0.03,-3.14,9.05,KOSPI
145170,노브랜드,20260929,14.09,3315.00,3270.00,-1.36,0.04,-2.68,5.32,KOSDAQ
027040,서울전자통신,20260923,40.34,1895.00,2015.00,6.33,0.04,-0.74,6.33,KOSDAQ
234030,싸이닉솔루션,20260929,57.22,3845.00,3740.00,-2.73,0.04,-4.35,7.49,KOSDAQ
005160,동국산업,20260922,22.68,3680.00,3850.00,4.62,0.05,-7.12,24.26,KOSDAQ
380550,뉴로핏,20260921,35.34,7300.00,7780.00,6.58,0.05,-4.77,5.28,KOSDAQ
065440,이루온,20261002,70.09,1616.00,1602.00,-0.87,0.06,-2.85,6.71,KOSDAQ
208370,셀바스헬스케어,20260928,19.30,2745.00,2675.00,-2.55,0.06,-3.25,7.04,KOSDAQ
086960,MDS테크,20260921,58.10,2120.00,2370.00,11.79,0.06,-2.87,13.88,KOSDAQ
067630,HLB생명과학,20260929,26.09,3630.00,4185.00,15.29,0.07,-6.38,20.75,KOSDAQ
267320,나인테크,20260929,58.57,2580.00,2700.00,4.65,0.07,-6.41,32.52,KOSDAQ
009900,명신산업,20260921,22.47,8700.00,8480.00,-2.53,0.08,-2.53,10.05,KOSPI
393210,토마토시스템,20260922,6.66,3315.00,3550.00,7.09,0.08,0.28,13.27,KOSDAQ
051370,인터플렉스,20260922,75.04,7130.00,7120.00,-0.14,0.08,-5.19,14.42,KOSDAQ
419050,삼기에너지솔루션즈,20260922,21.92,1603.00,1774.00,10.67,0.09,-2.26,12.79,KOSDAQ
104540,코렌텍,20260929,419.67,4315.00,5840.00,35.34,0.09,1.21,12.33,KOSDAQ
065530,와이어블,20261002,151.96,1505.00,1480.00,-1.66,0.09,-2.05,11.36,KOSDAQ
088800,에이스테크,20261002,28.49,2395.00,2345.00,-2.09,0.09,-5.06,7.68,KOSDAQ
387690,레메디,20260923,14.30,18850.00,18540.00,-1.64,0.09,-5.17,141.10,KOSDAQ
425040,티이엠씨,20260921,31.74,12820.00,15060.00,17.47,0.10,-1.57,139.61,KOSDAQ
0010F0,보원케미칼,20260923,43.53,2545.00,2785.00,9.43,0.11,-5.11,8.37,KOSDAQ
225190,LK삼양,20261001,15.04,4260.00,4655.00,9.27,0.11,-7.09,15.38,KOSDAQ
338220,뷰노,20260928,4.32,6820.00,8250.00,20.97,0.11,-3.96,16.06,KOSDAQ
064960,SNT모티브,20260928,11.37,27400.00,26650.00,-2.74,0.12,-0.56,8.25,KOSPI
002710,TCC스틸,20260930,54.88,14020.00,14310.00,2.07,0.12,-4.54,62.36,KOSPI
223250,드림씨아이에스,20260921,126.65,3630.00,3875.00,6.75,0.12,5.01,30.61,KOSDAQ
030530,원익홀딩스,20260923,5.48,28300.00,29050.00,2.65,0.12,-5.07,234.02,KOSDAQ
020560,아시아나항공,20260922,14.16,8370.00,8240.00,-1.55,0.12,-0.36,6.09,KOSPI
052260,현대바이오랜드,20260928,74.29,4365.00,4985.00,14.20,0.12,-0.50,42.73,KOSDAQ
159010,아스플로,20260923,4.46,29800.00,32600.00,9.40,0.12,1.40,38.03,KOSDAQ
446540,메가터치,20260923,6.28,10900.00,10990.00,0.83,0.12,-4.85,48.72,KOSDAQ
117730,티로보틱스,20260923,10.55,14370.00,14710.00,2.37,0.13,-3.03,10.70,KOSDAQ
356680,엑스게이트,20260923,7.00,18220.00,18940.00,3.95,0.13,-7.61,456.88,KOSDAQ
484590,삼양컴텍,20260928,6.77,7270.00,7120.00,-2.06,0.14,-2.60,8.16,KOSDAQ
079370,제우스,20260923,9.68,12850.00,14070.00,9.49,0.14,-3.03,42.06,KOSDAQ
033170,시그네틱스,20260921,12.67,2795.00,3335.00,19.32,0.14,-0.74,5.59,KOSDAQ
085670,뉴프렉스,20260922,46.93,3090.00,3760.00,21.68,0.14,-0.13,7.08,KOSDAQ
205100,엑셈,20260921,3.11,1420.00,1380.00,-2.82,0.14,1.10,6.84,KOSDAQ
094360,칩스앤미디어,20260928,20.55,12570.00,12860.00,2.31,0.15,0.23,15.40,KOSDAQ
039860,나노엔텍,20260928,17.53,4475.00,4590.00,2.57,0.15,-0.43,17.28,KOSDAQ
394800,쓰리빌리언,20260923,9.79,5800.00,5860.00,1.03,0.15,-7.57,34.20,KOSDAQ
036710,심텍홀딩스,20260922,13.04,4160.00,5080.00,22.12,0.15,-1.93,10.83,KOSDAQ
161580,필옵틱스,20260929,4.98,38500.00,41700.00,8.31,0.15,-0.36,152.33,KOSDAQ
036540,SFA반도체,20260921,5.63,10550.00,11340.00,7.49,0.15,-3.32,482.37,KOSDAQ
072950,빛샘전자,20260923,12.35,14200.00,16240.00,14.37,0.16,-6.29,319.95,KOSDAQ
059090,미코,20260922,12.45,22600.00,22850.00,1.11,0.16,-4.79,58.19,KOSDAQ
036200,유니셈,20260929,6.16,10440.00,10720.00,2.68,0.16,-2.81,19.00,KOSDAQ
112290,와이씨켐,20260930,6.71,12370.00,12420.00,0.40,0.17,-0.48,24.71,KOSDAQ
220260,켐트로스,20260928,14.42,4450.00,4685.00,5.28,0.17,-2.80,7.41,KOSDAQ
003490,대한항공,20260922,6.33,31400.00,30850.00,-1.75,0.17,-0.96,390.77,KOSPI
147760,피엠티,20260923,10.08,3810.00,4035.00,5.91,0.17,-1.59,5.63,KOSDAQ
402490,그린리소스,20260921,9.64,7570.00,7640.00,0.92,0.18,-4.50,13.33,KOSDAQ
125490,한라캐스트,20261002,6.64,13170.00,12900.00,-2.05,0.19,-6.11,144.41,KOSDAQ
950250,테라뷰,20260921,7.76,3495.00,4210.00,20.46,0.19,-0.71,25.97,KOSDAQ
214430,아이쓰리시스템,20261001,9.16,73300.00,79300.00,8.19,0.19,-1.86,19.27,KOSDAQ
011690,와이투솔루션,20261001,11.55,3635.00,3720.00,2.34,0.20,-2.36,8.32,KOSPI
011500,한농화성,20260930,6.26,14390.00,14660.00,1.88,0.20,-3.36,10.08,KOSPI
138080,오이솔루션,20261002,3.91,32450.00,31600.00,-2.62,0.20,-4.10,86.08,KOSDAQ
003160,디아이,20261001,8.68,41500.00,41550.00,0.12,0.20,-2.12,233.03,KOSPI
432720,퀄리타스반도체,20261001,5.78,11950.00,11770.00,-1.51,0.20,-5.76,19.80,KOSDAQ
084990,헬릭스미스,20260930,22.58,3815.00,3945.00,3.41,0.21,4.37,18.00,KOSDAQ
232140,와이씨,20260921,10.61,14250.00,17190.00,20.63,0.21,-5.18,403.07,KOSDAQ
452280,한선엔지니어링,20260930,5.60,13380.00,14300.00,6.88,0.21,-4.79,83.34,KOSDAQ
441270,파인엠텍,20260930,4.72,9320.00,9380.00,0.64,0.21,-0.95,38.12,KOSDAQ
452190,한빛레이저,20260928,28.42,5390.00,5990.00,11.13,0.21,-6.41,86.11,KOSDAQ
046970,우리로,20261002,13.23,8340.00,8220.00,-1.44,0.21,-5.08,241.57,KOSDAQ
067310,하나마이크론,20260921,4.01,44800.00,50700.00,13.17,0.22,-3.98,712.77,KOSDAQ
192650,드림텍,20261001,5.04,9110.00,9120.00,0.11,0.22,-5.49,66.67,KOSPI
490470,세미파이브,20260929,24.87,18840.00,22750.00,20.75,0.22,4.36,471.49,KOSDAQ
018880,한온시스템,20260930,7.33,3520.00,3855.00,9.52,0.23,-0.90,207.82,KOSPI
020150,롯데에너지머티리얼즈,20261002,8.53,50800.00,53700.00,5.71,0.24,-0.92,178.34,KOSPI
168360,펨트론,20261002,3.74,16040.00,15890.00,-0.94,0.24,-5.70,31.02,KOSDAQ
491000,리브스메드,20261001,7.15,36700.00,38250.00,4.22,0.24,-0.39,59.27,KOSDAQ
007810,코리아써키트,20260922,24.87,65600.00,88400.00,34.76,0.24,-0.34,627.19,KOSPI
012030,DB,20260930,3.09,1869.00,2015.00,7.81,0.24,-2.42,8.39,KOSPI
0017J0,세미티에스,20261001,22.91,3110.00,3370.00,8.36,0.25,2.12,40.27,KOSDAQ
085910,네오티스,20260922,4.26,15960.00,19200.00,20.30,0.25,-4.00,37.55,KOSDAQ
254490,미래반도체,20260921,7.69,16230.00,18350.00,13.06,0.25,-3.42,15.85,KOSDAQ
036220,오상헬스케어,20260928,35.06,6700.00,6790.00,1.34,0.25,5.27,22.71,KOSDAQ
078340,컴투스,20260928,3.12,37450.00,36900.00,-1.47,0.25,-0.81,15.01,KOSDAQ
200470,에이팩트,20260930,3.53,9320.00,9990.00,7.19,0.26,-1.38,76.45,KOSDAQ
383310,에코프로에이치엔,20261001,7.12,25050.00,25450.00,1.60,0.27,-4.32,33.49,KOSDAQ
178320,서진시스템,20260928,5.16,35900.00,41300.00,15.04,0.27,-3.84,359.92,KOSDAQ
356860,티엘비,20260922,8.22,44500.00,50300.00,13.03,0.27,-0.20,337.84,KOSDAQ
0013V0,삼진식품,20261001,54.51,5400.00,5600.00,3.70,0.27,3.70,6.34,KOSDAQ
417010,나노팀,20261002,4.90,6760.00,6570.00,-2.81,0.28,-3.95,9.37,KOSDAQ
323350,다원넥스뷰,20260922,5.29,9490.00,9510.00,0.21,0.28,-5.47,5.22,KOSDAQ
226340,본느,20260928,9.33,5010.00,6460.00,28.94,0.28,0.62,29.08,KOSDAQ
006140,피제이전자,20261002,114.82,5690.00,5740.00,0.88,0.29,-2.21,28.14,KOSDAQ
092870,엑시콘,20260923,4.10,42950.00,52900.00,23.17,0.29,-1.86,173.44,KOSDAQ
032580,피델릭스,20260929,3.87,7670.00,7750.00,1.04,0.29,-2.02,47.14,KOSDAQ
004710,한솔테크닉스,20260928,5.49,10690.00,11840.00,10.76,0.29,-1.33,88.25,KOSPI
310200,애니플러스,20260929,8.66,2040.00,2100.00,2.94,0.30,-5.62,5.30,KOSDAQ
353200,대덕전자,20260922,6.26,112300.00,151300.00,34.73,0.30,-4.18,1313.46,KOSPI
005720,넥센,20260930,28.06,6020.00,6290.00,4.49,0.30,-2.33,6.58,KOSPI
003570,SNT다이내믹스,20260928,3.10,29800.00,30550.00,2.52,0.30,-0.97,18.48,KOSPI
083500,에프엔에스테크,20260928,3.07,13180.00,14770.00,12.06,0.31,1.51,10.37,KOSDAQ
417200,LS머트리얼즈,20260930,6.49,13910.00,15600.00,12.15,0.31,-1.14,191.56,KOSDAQ
010955,S-Oil우,20260923,3.48,84000.00,90300.00,7.50,0.32,3.79,21.27,KOSPI
115500,케이씨에스,20260928,3.62,11200.00,11940.00,6.61,0.32,-6.35,68.73,KOSDAQ
093370,후성,20260930,5.40,15000.00,15270.00,1.80,0.32,-6.26,486.66,KOSPI
222800,심텍,20260922,4.49,148100.00,170400.00,15.06,0.33,-2.63,1051.05,KOSDAQ
115180,큐리언트,20261001,5.47,24650.00,24200.00,-1.83,0.33,-3.20,17.70,KOSDAQ
357580,아모센스,20260930,6.12,7650.00,8390.00,9.67,0.34,1.57,18.72,KOSDAQ
119830,아이텍,20260930,4.68,6780.00,6590.00,-2.80,0.34,2.97,7.55,KOSDAQ
412350,레이저쎌,20260930,3.17,6620.00,6630.00,0.15,0.34,-2.79,24.66,KOSDAQ
425420,티에프이,20260922,5.63,64400.00,64800.00,0.62,0.35,-4.99,122.84,KOSDAQ
405100,큐알티,20261001,12.73,16520.00,18010.00,9.02,0.35,3.39,16.96,KOSDAQ
307950,현대오토에버,20260922,3.46,385000.00,374000.00,-2.86,0.35,-3.61,167.03,KOSPI
053950,경남제약,20260928,8.62,2095.00,2085.00,-0.48,0.35,1.96,5.35,KOSDAQ
017890,한국알콜,20260923,3.80,15390.00,16080.00,4.48,0.35,2.16,13.97,KOSDAQ
126340,비나텍,20260930,3.51,92500.00,94700.00,2.38,0.35,0.74,97.52,KOSDAQ
101160,월덱스,20260929,3.02,32250.00,32200.00,-0.16,0.35,-2.28,11.82,KOSDAQ
005070,코스모신소재,20260928,3.88,44350.00,46400.00,4.62,0.36,-2.83,62.26,KOSPI
306620,지아이에스,20260929,3.75,2100.00,2125.00,1.19,0.36,-3.85,5.72,KOSDAQ
101360,에코앤드림,20260930,5.01,8190.00,8600.00,5.01,0.36,-4.76,6.26,KOSDAQ
068790,DMS,20260922,12.15,7730.00,8230.00,6.47,0.36,-0.36,5.70,KOSDAQ
336370,솔루스첨단소재,20261002,3.26,8740.00,8880.00,1.60,0.36,-4.93,11.05,KOSPI
420770,기가비스,20260922,3.37,119500.00,135300.00,13.22,0.36,-0.15,188.05,KOSDAQ
036810,에프에스티,20260921,3.70,30200.00,34500.00,14.24,0.37,-3.77,44.06,KOSDAQ
114810,한솔아이원스,20260923,4.53,14770.00,14630.00,-0.95,0.37,-4.69,26.12,KOSDAQ
228760,지노믹트리,20260930,3.10,12300.00,11940.00,-2.93,0.37,-2.13,7.94,KOSDAQ
025560,미래산업,20260928,5.14,7180.00,7910.00,10.17,0.38,-8.02,56.50,KOSPI
217730,강스템바이오텍,20261001,3.82,2275.00,2215.00,-2.64,0.39,-3.28,5.44,KOSDAQ
098460,고영,20261001,3.59,34050.00,36200.00,6.31,0.39,-0.69,471.21,KOSDAQ
122640,예스티,20260921,3.24,32500.00,31800.00,-2.15,0.39,-5.92,113.99,KOSDAQ
456160,지투지바이오,20261001,5.44,43500.00,44700.00,2.76,0.39,1.82,116.44,KOSDAQ
246960,SCL사이언스,20260923,3.74,2720.00,2850.00,4.78,0.40,0.35,5.52,KOSDAQ
042000,카페24,20260923,15.66,18030.00,22550.00,25.07,0.41,-1.74,87.30,KOSDAQ
051160,지어소프트,20260928,3.23,12980.00,13780.00,6.16,0.42,0.88,30.34,KOSDAQ
161000,애경케미칼,20261002,4.64,10890.00,10820.00,-0.64,0.42,-4.59,22.59,KOSPI
093050,LF,20261001,3.23,23500.00,23700.00,0.85,0.42,0.00,7.42,KOSPI
403870,HPSP,20260929,3.34,61000.00,65500.00,7.38,0.42,-4.80,1411.40,KOSDAQ
099430,바이오플러스,20260930,5.19,3570.00,3870.00,8.40,0.42,2.25,6.53,KOSDAQ
056360,코위버,20260923,6.00,6370.00,6460.00,1.41,0.43,-6.78,11.86,KOSDAQ
327260,RF머트리얼즈,20261002,3.51,52500.00,53400.00,1.71,0.43,-7.61,481.31,KOSDAQ
376300,디어유,20260929,3.51,18190.00,18870.00,3.74,0.43,0.86,15.34,KOSDAQ
253590,네오셈,20261001,4.03,14550.00,15940.00,9.55,0.43,-1.79,127.49,KOSDAQ
089010,켐트로닉스,20260928,7.57,25150.00,28450.00,13.12,0.44,-1.73,68.79,KOSDAQ
071280,로체시스템즈,20260930,4.37,8440.00,9100.00,7.82,0.44,0.22,12.22,KOSDAQ
129920,대성하이텍,20260922,6.52,5640.00,7140.00,26.60,0.45,-1.65,11.23,KOSDAQ
042520,한스바이오메드,20260929,3.42,21050.00,22600.00,7.36,0.45,1.57,25.74,KOSDAQ
001360,삼성제약,20261001,11.38,1464.00,1434.00,-2.05,0.45,-2.45,15.70,KOSPI
439580,블루엠텍,20260922,29.90,3120.00,3080.00,-1.28,0.45,2.84,131.66,KOSDAQ
105740,디케이락,20260928,47.54,9630.00,11320.00,17.55,0.46,-3.41,87.83,KOSDAQ
174900,앱클론,20260929,3.78,21750.00,26900.00,23.68,0.46,-6.60,44.95,KOSDAQ
475960,토모큐브,20260928,8.79,31350.00,34500.00,10.05,0.48,-3.90,22.85,KOSDAQ
388870,파로스아이바이오,20260928,8.25,6000.00,6650.00,10.83,0.48,9.92,8.02,KOSDAQ
172670,에이엘티,20260921,3.47,13400.00,14840.00,10.75,0.48,-2.24,8.84,KOSDAQ
119610,인터로조,20261002,3.63,16890.00,17180.00,1.72,0.49,4.50,13.62,KOSDAQ
